anio,km_mes,antiguedad_anios,tipo_servicio,carga_promedio_ton,num_destinos,dias_operacion,costo_mto_nominal_k,costo_mto_2019_k,idx_inpc
2019,10742,10,0,3.5,7,27,6.635,6.635,1.0
2019,9154,17,0,11.9,3,25,7.748,7.748,1.0
2019,11119,16,0,12.5,3,23,8.599,8.599,1.0
2019,13308,6,1,16.3,3,21,7.564,7.564,1.0
2019,8915,16,0,15.2,4,20,8.248,8.248,1.0
2019,8915,8,0,15.2,4,19,7.538,7.538,1.0
2019,13448,16,0,8.1,5,27,8.231,8.231,1.0
2019,11419,7,0,13.8,1,26,8.076,8.076,1.0
2019,8326,16,1,18.3,2,20,7.818,7.818,1.0
2019,10856,6,1,13.5,2,23,6.519,6.519,1.0
2019,8341,0,1,19.3,1,22,6.382,6.382,1.0
2019,8336,12,1,20.1,3,26,8.068,8.068,1.0
2019,10105,16,1,10.9,6,23,7.281,7.281,1.0
2019,4717,12,0,9.2,2,22,6.091,6.091,1.0
2019,5188,15,0,9.0,5,20,6.526,6.526,1.0
2019,8094,7,2,5.9,6,23,5.598,5.598,1.0
2019,6968,17,1,9.9,5,21,6.621,6.621,1.0
2019,10286,0,0,16.8,7,23,7.529,7.529,1.0
2019,7230,13,1,3.2,6,22,5.865,5.865,1.0
2019,5969,14,0,7.9,1,21,6.312,6.312,1.0
2019,13164,17,1,11.5,4,19,7.522,7.522,1.0
2019,8936,1,0,8.5,4,24,6.523,6.523,1.0
2019,9669,16,0,9.9,2,22,7.808,7.808,1.0
2019,5938,17,0,10.0,5,27,7.475,7.475,1.0
2019,8139,5,2,11.0,7,19,6.113,6.113,1.0
2019,9777,3,1,9.1,5,24,5.651,5.651,1.0
2019,6623,0,0,8.8,3,22,5.215,5.215,1.0
2019,10439,7,0,15.7,3,28,7.906,7.906,1.0
2019,7998,6,1,16.2,5,24,7.023,7.023,1.0
2019,8771,2,0,6.5,4,23,5.573,5.573,1.0
2019,7996,9,0,1.0,4,22,5.417,5.417,1.0
2019,14131,9,2,16.3,5,20,7.861,7.861,1.0
2019,9466,13,0,7.1,1,23,6.956,6.956,1.0
2019,6856,1,1,12.9,2,18,5.509,5.509,1.0
2019,11556,0,2,5.7,3,18,4.769,4.768,1.0
2019,6448,17,1,17.2,3,25,7.827,7.827,1.0
2019,10022,6,0,22.2,7,17,8.975,8.975,1.0
2019,4601,7,0,12.7,5,21,6.279,6.279,1.0
2019,6180,0,2,11.6,6,19,5.519,5.519,1.0
2019,9992,2,2,10.7,5,21,6.034,6.034,1.0
2019,11346,7,2,15.1,4,23,7.327,7.327,1.0
2019,9928,14,0,14.3,1,25,7.772,7.772,1.0
2019,9211,4,2,16.0,3,26,6.897,6.897,1.0
2019,8747,2,2,9.5,4,19,5.248,5.248,1.0
2019,5804,0,1,13.4,5,21,5.459,5.459,1.0
2019,7700,14,2,9.8,5,30,7.07,7.07,1.0
2019,8348,7,2,7.8,6,21,5.824,5.824,1.0
2019,12143,1,1,11.8,7,19,6.256,6.256,1.0
2019,10359,2,1,8.3,5,20,5.359,5.359,1.0
2019,5092,13,0,16.7,3,21,7.64,7.64,1.0
2019,10310,13,0,8.6,3,21,7.485,7.485,1.0
2019,8537,10,1,13.5,4,21,6.667,6.667,1.0
2019,7808,15,0,9.6,6,22,7.31,7.31,1.0
2019,11029,3,2,13.1,5,22,6.507,6.507,1.0
2019,12077,4,2,9.9,7,19,6.454,6.454,1.0
2019,11828,13,2,7.0,3,23,6.867,6.867,1.0
2019,7402,15,0,13.9,6,22,8.212,8.212,1.0
2019,8727,17,0,11.1,1,23,7.651,7.651,1.0
2019,10328,6,0,13.1,4,17,7.335,7.335,1.0
2019,11939,9,1,10.3,6,22,7.038,7.038,1.0
2019,8302,6,2,6.7,5,16,5.378,5.378,1.0
2019,9036,0,2,16.3,3,21,6.271,6.271,1.0
2019,6734,15,1,14.9,2,24,7.465,7.465,1.0
2019,6509,3,2,9.7,5,25,5.528,5.528,1.0
2019,11531,17,2,12.3,6,23,7.757,7.757,1.0
2019,12891,1,0,16.2,2,24,7.37,7.37,1.0
2019,9320,0,2,10.2,7,21,5.739,5.739,1.0
2019,12009,14,1,10.8,10,20,7.815,7.815,1.0
2019,10404,4,0,13.0,8,30,7.578,7.578,1.0
2019,7887,10,1,10.2,5,24,6.415,6.415,1.0
2019,10403,9,0,15.4,1,18,7.476,7.476,1.0
2019,13345,1,1,11.3,2,17,5.757,5.757,1.0
2019,9410,2,1,8.9,2,21,5.296,5.296,1.0
2019,13412,11,1,14.4,6,26,8.308,8.308,1.0
2019,2951,4,1,7.4,4,22,4.516,4.516,1.0
2019,11555,4,1,20.1,3,15,7.326,7.326,1.0
2019,9718,5,1,18.3,3,21,7.11,7.11,1.0
2019,8752,8,1,14.1,7,22,7.481,7.481,1.0
2019,9729,1,1,13.7,1,15,5.537,5.537,1.0
2019,4531,11,0,13.5,5,22,7.01,7.01,1.0
2019,8951,2,1,10.0,1,19,5.041,5.041,1.0
2019,10393,11,0,13.2,4,16,8.152,8.152,1.0
2019,13195,16,1,8.3,2,27,7.133,7.133,1.0
2019,8204,9,2,14.0,7,19,6.804,6.804,1.0
2019,7479,13,1,15.5,4,20,7.151,7.151,1.0
2019,8246,16,1,10.5,6,20,6.945,6.945,1.0
2019,11789,17,2,9.6,6,22,7.321,7.321,1.0
2019,10322,16,2,7.2,5,27,7.108,7.108,1.0
2019,8176,13,2,17.8,5,18,7.554,7.554,1.0
2019,10783,8,2,9.9,5,21,6.503,6.503,1.0
2019,9743,7,0,11.2,7,22,7.561,7.561,1.0
2019,11922,1,0,13.2,4,19,6.711,6.711,1.0
2019,7745,12,1,13.1,8,21,7.218,7.218,1.0
2019,8681,6,0,15.0,2,24,6.988,6.988,1.0
2019,8520,8,1,10.5,7,20,6.849,6.849,1.0
2019,5841,10,1,7.4,1,21,5.608,5.608,1.0
2019,10240,13,1,6.7,2,21,6.21,6.21,1.0
2019,10153,3,1,9.7,1,22,6.132,6.132,1.0
2019,9513,12,1,8.2,4,23,6.84,6.84,1.0
2019,8914,1,1,10.8,1,24,5.534,5.534,1.0
2019,5962,4,2,17.2,4,28,7.13,7.13,1.0
2019,8448,10,1,10.5,5,14,6.082,6.082,1.0
2019,8643,5,2,10.5,6,21,6.268,6.268,1.0
2019,7494,17,0,11.9,9,18,7.901,7.901,1.0
2019,9097,9,2,10.4,5,21,6.143,6.143,1.0
2019,10510,3,1,11.7,5,25,6.393,6.393,1.0
2019,14215,8,1,14.2,3,26,7.421,7.421,1.0
2019,9936,5,0,15.5,1,26,7.12,7.12,1.0
2019,10144,1,1,16.0,5,26,6.759,6.759,1.0
2019,9314,16,0,20.2,6,21,9.503,9.503,1.0
2019,4703,4,0,14.3,3,26,6.91,6.91,1.0
2019,9434,5,1,20.9,5,27,7.738,7.738,1.0
2019,9651,11,1,8.9,6,22,6.321,6.321,1.0
2019,15658,9,1,20.4,3,26,8.741,8.741,1.0
2019,9019,5,2,10.5,5,22,6.426,6.426,1.0
2019,10254,7,1,10.9,6,26,6.526,6.526,1.0
2019,9413,1,1,11.5,2,22,5.948,5.948,1.0
2019,6578,11,0,11.1,3,20,6.511,6.511,1.0
2019,12357,12,1,12.3,3,19,7.118,7.118,1.0
2019,11380,6,1,9.7,3,21,5.919,5.919,1.0
2019,11478,9,2,15.3,1,22,7.303,7.303,1.0
2019,7227,12,2,9.8,4,19,6.311,6.311,1.0
2019,13007,16,1,14.6,4,21,8.049,8.049,1.0
2019,5995,13,0,18.1,4,20,8.056,8.056,1.0
2019,10967,1,2,10.6,4,19,5.552,5.552,1.0
2019,14976,10,2,15.2,6,25,8.697,8.697,1.0
2019,7024,0,0,14.2,3,26,6.317,6.317,1.0
2019,8084,3,0,21.0,3,25,8.33,8.33,1.0
2019,9749,10,2,10.0,4,22,6.3,6.3,1.0
2019,8241,7,0,15.2,6,22,7.321,7.321,1.0
2019,5623,10,2,5.5,4,19,5.148,5.148,1.0
2019,9671,3,1,10.0,11,23,6.307,6.307,1.0
2019,6844,16,0,13.4,3,23,7.683,7.683,1.0
2019,10684,6,2,17.6,6,30,7.943,7.943,1.0
2019,7201,7,1,7.1,7,25,5.728,5.728,1.0
2019,13375,2,1,15.1,2,23,6.727,6.727,1.0
2019,7542,1,0,11.7,6,22,6.082,6.082,1.0
2019,8695,14,0,5.9,3,25,7.017,7.017,1.0
2019,11534,4,1,12.7,2,19,6.163,6.163,1.0
2019,6423,0,1,18.8,6,25,6.885,6.885,1.0
2019,10069,3,1,7.5,9,19,5.538,5.538,1.0
2019,12768,14,2,11.6,3,20,7.157,7.157,1.0
2019,5481,2,1,8.1,4,16,4.346,4.346,1.0
2019,9962,10,0,10.1,7,24,7.45,7.45,1.0
2019,10150,16,1,17.7,6,23,8.382,8.382,1.0
2019,11455,12,2,10.9,2,20,6.78,6.78,1.0
2019,6408,10,2,17.6,7,19,7.046,7.046,1.0
2019,6199,1,1,16.4,3,26,6.202,6.202,1.0
2019,10805,8,0,10.5,3,22,7.322,7.322,1.0
2019,10242,1,0,10.0,1,20,5.766,5.766,1.0
2019,10126,8,1,8.4,4,28,6.379,6.379,1.0
2019,10366,8,2,8.3,6,20,6.196,6.196,1.0
2019,7800,7,1,13.4,5,25,6.501,6.501,1.0
2019,10081,16,2,11.9,3,19,7.654,7.654,1.0
2019,10233,0,2,9.5,6,21,5.579,5.579,1.0
2019,7714,10,0,5.8,3,24,5.932,5.932,1.0
2019,14164,7,1,12.4,3,22,7.337,7.337,1.0
2019,10685,9,0,10.1,3,23,7.326,7.326,1.0
2019,6522,6,0,11.2,2,20,5.928,5.928,1.0
2019,11141,2,2,13.2,7,17,6.516,6.516,1.0
2019,7063,2,1,2.0,3,26,4.037,4.037,1.0
2019,11468,17,1,5.9,7,21,6.877,6.877,1.0
2019,12396,4,0,21.2,3,23,8.68,8.68,1.0
2019,7448,11,0,10.0,5,24,7.001,7.001,1.0
2019,11908,11,0,1.9,1,23,6.087,6.087,1.0
2019,10532,5,0,6.2,5,20,6.078,6.078,1.0
2019,11555,1,1,21.9,3,25,7.532,7.532,1.0
2019,14242,11,0,9.2,2,24,8.267,8.267,1.0
2019,8887,4,1,16.6,3,23,6.876,6.876,1.0
2019,7616,11,0,12.5,9,23,7.742,7.742,1.0
2019,7276,16,0,10.1,3,27,7.524,7.524,1.0
2019,7460,16,0,15.1,3,20,7.983,7.983,1.0
2019,9307,9,1,2.5,1,23,5.746,5.746,1.0
2019,10353,16,1,6.2,3,20,6.147,6.147,1.0
2019,10192,14,1,10.0,6,16,7.124,7.124,1.0
2019,11568,11,1,6.6,2,16,6.144,6.144,1.0
2019,9533,15,1,9.7,5,19,6.707,6.707,1.0
2019,13134,7,0,15.4,5,20,8.003,8.003,1.0
2019,8838,16,0,12.5,3,29,8.003,8.003,1.0
2019,16300,4,2,17.3,5,24,7.911,7.911,1.0
2019,11064,15,1,12.8,5,24,7.634,7.634,1.0
2019,7357,5,0,16.0,3,20,7.117,7.117,1.0
2019,6823,7,2,11.7,3,22,5.879,5.879,1.0
2019,10706,17,2,9.6,7,29,7.868,7.868,1.0
2019,8941,11,0,17.9,3,18,7.949,7.949,1.0
2019,11285,14,1,9.2,3,23,7.37,7.37,1.0
2019,10683,8,1,13.4,4,27,7.44,7.44,1.0
2019,9318,12,1,15.1,2,25,7.404,7.404,1.0
2019,7383,14,1,15.4,3,27,7.248,7.248,1.0
2019,5713,9,0,7.3,2,23,6.324,6.324,1.0
2019,8384,15,1,16.2,5,24,8.489,8.489,1.0
2019,11641,6,1,8.1,4,22,6.506,6.506,1.0
2019,10035,16,2,15.2,3,24,7.707,7.707,1.0
2019,6386,6,1,14.1,7,19,6.192,6.192,1.0
2019,9933,13,0,15.3,4,24,8.117,8.117,1.0
2019,10463,14,1,7.2,3,23,6.304,6.304,1.0
2019,7290,6,0,14.4,5,22,6.935,6.935,1.0
2019,9884,8,1,16.3,1,27,7.106,7.106,1.0
2019,9646,15,1,12.8,5,21,7.386,7.386,1.0
2019,6643,7,0,8.7,7,26,6.508,6.508,1.0
2019,10394,17,1,15.7,2,26,7.939,7.94,1.0
2019,10902,17,0,12.5,4,25,8.323,8.323,1.0
2019,12208,6,0,5.3,2,19,5.861,5.861,1.0
2019,12135,2,1,8.4,3,23,6.042,6.042,1.0
2019,6056,17,1,9.9,7,28,7.144,7.144,1.0
2019,7155,9,2,18.0,1,17,6.834,6.834,1.0
2019,10788,6,1,17.3,3,21,7.268,7.268,1.0
2019,10784,16,0,17.3,2,25,8.698,8.698,1.0
2019,10788,13,1,12.9,2,22,6.95,6.95,1.0
2019,19132,2,0,15.7,2,24,8.8,8.8,1.0
2019,10927,11,2,7.4,1,26,6.544,6.544,1.0
2019,12339,12,1,12.0,1,23,6.995,6.995,1.0
2019,11885,1,2,13.8,3,24,6.451,6.451,1.0
2019,11128,2,0,7.7,7,22,6.183,6.183,1.0
2019,8712,4,1,12.8,5,23,6.135,6.135,1.0
2019,11397,10,1,18.7,2,28,7.898,7.898,1.0
2019,7568,7,2,14.2,6,22,6.424,6.424,1.0
2019,8908,11,0,15.7,2,21,7.541,7.541,1.0
2019,8287,6,0,2.2,4,25,5.2,5.2,1.0
2019,9705,14,2,18.2,2,19,7.688,7.688,1.0
2019,15287,16,1,11.3,3,20,7.769,7.769,1.0
2019,4832,3,1,8.9,2,20,4.472,4.472,1.0
2019,11216,12,0,11.3,2,21,7.423,7.423,1.0
2019,5468,17,2,6.1,7,21,6.044,6.044,1.0
2019,8320,0,0,16.2,4,24,7.454,7.454,1.0
2019,12222,15,1,10.7,2,21,7.461,7.461,1.0
2019,9661,12,2,9.0,3,24,6.509,6.509,1.0
2019,6806,9,0,11.3,5,25,7.382,7.382,1.0
2019,7712,11,1,16.5,3,20,7.052,7.052,1.0
2019,11199,1,0,12.5,2,25,6.616,6.616,1.0
2019,7674,2,0,6.4,4,25,5.687,5.687,1.0
2019,10041,9,2,13.9,1,17,6.432,6.432,1.0
2019,9614,1,2,8.3,2,23,5.27,5.27,1.0
2019,7871,12,1,3.4,5,20,5.329,5.329,1.0
2019,14860,12,1,18.0,2,26,8.886,8.886,1.0
2019,11085,17,0,13.8,3,20,8.366,8.366,1.0
2019,4437,2,0,11.7,3,18,6.293,6.293,1.0
2019,9966,6,0,10.6,10,22,7.579,7.579,1.0
2019,7846,13,0,17.6,3,19,7.951,7.951,1.0
2019,11631,16,0,24.0,4,25,10.198,10.198,1.0
2019,7519,11,1,13.8,8,20,7.238,7.238,1.0
2019,9213,15,0,7.9,5,22,7.057,7.057,1.0
2019,10762,11,0,11.4,3,27,7.448,7.448,1.0
2019,11664,14,1,13.7,4,25,7.76,7.76,1.0
2019,6499,9,2,2.6,5,23,5.184,5.184,1.0
2019,8664,6,0,13.3,5,22,7.075,7.075,1.0
2019,8313,4,2,13.7,3,23,6.308,6.308,1.0
2019,7867,0,2,17.3,9,24,6.768,6.768,1.0
2019,13914,16,0,16.9,3,19,9.403,9.403,1.0
2019,10512,2,2,12.4,4,25,6.357,6.357,1.0
2019,6348,12,1,18.1,5,19,7.204,7.204,1.0
2019,11795,13,1,20.1,6,24,8.6,8.6,1.0
2019,14805,17,1,12.1,5,19,7.887,7.887,1.0
2019,12081,3,1,13.7,6,28,7.046,7.046,1.0
2019,5702,17,1,4.9,4,24,5.957,5.957,1.0
2019,8289,4,1,6.2,6,17,4.876,4.876,1.0
2019,12667,15,1,8.6,1,22,6.722,6.722,1.0
2019,7731,0,1,10.2,6,20,5.289,5.289,1.0
2019,10610,13,1,7.6,4,20,6.709,6.709,1.0
2019,11437,14,1,11.9,11,22,7.813,7.813,1.0
2019,7183,8,0,10.3,8,19,6.537,6.537,1.0
2019,9351,14,0,16.3,4,24,8.526,8.526,1.0
2019,1500,16,2,10.1,1,24,5.583,5.583,1.0
2019,6939,3,0,2.9,2,23,4.661,4.661,1.0
2019,8869,11,0,12.5,4,22,7.852,7.852,1.0
2019,6381,4,0,11.9,5,24,6.457,6.457,1.0
2019,13581,4,0,8.6,3,24,6.591,6.591,1.0
2019,5925,10,2,12.4,2,23,6.109,6.109,1.0
2019,8400,5,1,7.7,4,18,5.11,5.11,1.0
2019,9827,6,2,13.3,3,20,6.376,6.376,1.0
2019,13103,13,1,22.5,2,21,8.957,8.957,1.0
2019,5910,10,1,4.8,4,18,4.807,4.807,1.0
2019,12408,12,0,9.9,3,23,7.773,7.773,1.0
2019,9526,1,1,9.3,5,26,5.922,5.922,1.0
2019,7046,6,0,10.3,5,26,6.842,6.842,1.0
2019,10655,3,2,16.1,3,24,6.907,6.907,1.0
2019,9998,7,2,14.2,6,24,7.355,7.355,1.0
2019,7999,12,0,15.4,1,29,7.997,7.997,1.0
2019,9675,13,2,12.1,6,25,7.127,7.127,1.0
2019,8537,9,2,6.7,4,25,5.651,5.651,1.0
2019,9784,10,1,7.5,1,18,5.505,5.505,1.0
2019,11155,1,0,15.0,5,26,7.787,7.787,1.0
2019,13465,8,1,12.7,3,23,7.293,7.293,1.0
2019,6405,16,1,17.0,1,22,7.234,7.234,1.0
2019,14833,2,0,13.2,3,21,7.653,7.653,1.0
2019,4620,5,0,7.3,3,20,5.17,5.17,1.0
2019,9121,4,2,9.9,1,26,5.789,5.789,1.0
2019,10971,4,0,14.3,1,22,6.913,6.913,1.0
2019,10202,14,1,14.8,7,20,7.82,7.82,1.0
2019,7943,16,2,15.4,1,20,7.16,7.16,1.0
2019,8980,8,2,7.8,3,23,5.741,5.741,1.0
2019,8267,2,0,7.2,5,21,5.949,5.949,1.0
2019,8027,16,2,11.2,1,20,6.866,6.866,1.0
2019,11624,9,0,17.8,1,18,7.906,7.906,1.0
2019,10393,2,0,9.2,4,25,6.352,6.352,1.0
2019,7768,17,1,13.8,8,22,7.759,7.759,1.0
2019,11749,17,1,13.8,7,19,8.264,8.264,1.0
2019,10268,16,1,15.0,4,21,7.821,7.821,1.0
2019,11532,2,1,18.7,3,24,7.068,7.068,1.0
2019,11074,2,0,18.2,5,22,7.858,7.858,1.0
2019,7428,5,0,9.6,5,23,6.542,6.542,1.0
2019,8100,12,1,3.6,2,22,5.134,5.134,1.0
2019,11368,14,2,9.3,3,18,6.928,6.928,1.0
2019,11026,8,1,12.3,6,25,6.841,6.841,1.0
2019,9448,3,0,10.6,7,17,6.565,6.565,1.0
2019,9793,13,1,19.9,4,23,8.685,8.685,1.0
2019,12694,4,0,12.1,2,24,7.427,7.427,1.0
2019,8021,1,0,14.6,7,21,6.973,6.973,1.0
2019,10868,10,2,12.9,3,23,6.872,6.872,1.0
2019,8995,8,0,10.6,4,21,7.087,7.087,1.0
2019,8956,2,0,4.3,6,23,5.367,5.367,1.0
2019,12247,8,1,11.7,3,25,6.855,6.855,1.0
2019,11564,2,1,24.0,1,20,7.683,7.683,1.0
2019,11534,1,1,7.0,3,24,5.45,5.45,1.0
2019,12764,11,0,4.7,4,27,7.085,7.085,1.0
2019,9553,9,0,19.7,3,23,8.377,8.377,1.0
2019,11205,8,0,15.0,3,20,7.718,7.718,1.0
2019,8724,14,0,12.7,4,29,8.182,8.182,1.0
2019,10310,7,1,17.5,2,22,7.406,7.406,1.0
2019,9175,4,2,8.7,2,23,5.405,5.405,1.0
2019,9742,10,1,11.6,3,23,6.663,6.663,1.0
2019,10988,1,2,15.8,3,23,6.53,6.53,1.0
2019,7454,14,1,20.4,5,21,7.89,7.89,1.0
2019,14731,5,1,7.3,2,23,6.32,6.32,1.0
2019,6985,7,1,17.1,4,25,6.839,6.839,1.0
2019,6465,4,1,13.5,3,21,5.816,5.816,1.0
2019,12395,15,1,12.7,4,21,8.087,8.087,1.0
2019,11479,17,0,12.0,5,21,8.125,8.125,1.0
2019,11060,5,1,6.5,6,19,6.037,6.037,1.0
2019,11071,4,2,15.9,1,20,6.625,6.625,1.0
2019,9469,15,0,8.9,3,20,7.178,7.178,1.0
2019,7257,12,0,7.7,1,22,6.249,6.249,1.0
2019,9690,4,1,15.5,1,25,6.802,6.802,1.0
2019,7807,12,2,15.2,2,26,7.167,7.167,1.0
2019,11938,16,1,12.3,3,22,7.757,7.757,1.0
2019,9132,17,1,16.3,5,23,8.259,8.259,1.0
2019,7436,7,0,17.7,4,23,7.937,7.937,1.0
2019,8697,12,1,17.2,1,16,6.861,6.861,1.0
2019,10532,2,0,9.9,5,19,6.204,6.204,1.0
2019,8091,7,2,16.1,2,24,6.939,6.939,1.0
2019,7444,1,1,12.8,2,25,5.932,5.932,1.0
2019,10109,7,0,18.9,7,25,8.557,8.557,1.0
2019,10112,12,0,11.5,2,21,7.537,7.537,1.0
2019,8233,12,0,10.6,4,16,6.954,6.954,1.0
2019,8322,0,1,9.5,8,19,5.674,5.674,1.0
2019,10080,5,0,12.8,2,19,7.246,7.246,1.0
2019,5880,15,1,13.9,3,24,7.005,7.005,1.0
2019,5981,7,1,13.9,1,21,5.915,5.915,1.0
2019,7704,0,0,13.4,1,27,6.44,6.44,1.0
2019,8966,15,0,14.7,3,26,8.339,8.339,1.0
2019,10277,8,0,11.1,7,27,7.663,7.663,1.0
2019,13188,12,2,8.5,6,19,6.831,6.831,1.0
2019,11644,10,0,8.2,1,23,6.775,6.775,1.0
2019,9100,12,1,15.9,6,21,8.473,8.473,1.0
2019,9452,9,2,13.9,8,23,7.165,7.165,1.0
2019,6994,3,1,4.6,3,20,5.112,5.112,1.0
2019,9454,5,2,16.4,2,26,7.391,7.391,1.0
2019,8778,6,1,19.5,5,20,7.143,7.143,1.0
2019,10307,4,2,9.1,5,16,6.109,6.109,1.0
2019,7432,10,0,13.3,3,28,7.458,7.458,1.0
2019,10798,12,0,10.1,1,23,7.642,7.642,1.0
2019,13332,9,1,14.5,2,19,7.072,7.072,1.0
2019,9228,9,2,7.3,5,22,6.0,6.0,1.0
2019,10504,10,2,11.7,6,20,6.799,6.799,1.0
2019,11225,6,0,15.9,4,22,7.852,7.852,1.0
2019,8497,17,0,16.9,2,24,8.473,8.473,1.0
2019,10060,3,2,13.7,4,24,6.324,6.324,1.0
2019,9531,1,0,10.6,8,23,6.694,6.694,1.0
2019,9744,13,2,5.6,3,22,6.224,6.224,1.0
2019,7567,12,2,9.0,5,25,6.233,6.233,1.0
2019,9561,11,1,10.1,4,16,6.389,6.389,1.0
2019,10745,6,1,9.2,7,20,6.158,6.158,1.0
2019,13128,1,1,12.2,2,19,6.337,6.337,1.0
2019,11898,12,0,10.6,5,25,8.505,8.505,1.0
2019,14883,13,2,12.7,6,20,7.822,7.822,1.0
2019,7582,16,1,16.8,1,18,7.328,7.328,1.0
2019,11681,8,2,10.4,4,24,6.645,6.645,1.0
2019,9958,16,0,6.5,3,19,6.877,6.877,1.0
2019,14975,7,2,9.2,6,21,7.111,7.111,1.0
2019,7479,1,1,14.3,9,29,6.464,6.464,1.0
2019,7401,12,0,14.7,1,24,7.247,7.247,1.0
2019,8002,2,0,13.6,3,21,6.658,6.658,1.0
2019,4190,15,1,17.2,3,22,7.006,7.006,1.0
2019,8186,5,1,11.3,3,25,6.281,6.281,1.0
2019,7602,6,2,20.2,2,24,7.185,7.185,1.0
2019,9876,9,0,15.3,10,22,8.172,8.172,1.0
2019,10354,8,0,1.9,5,22,5.801,5.801,1.0
2019,14190,1,1,19.2,3,18,7.3,7.3,1.0
2019,11876,14,1,8.9,7,17,6.918,6.918,1.0
2019,8058,4,1,7.9,7,21,5.457,5.457,1.0
2019,7254,3,2,14.1,9,20,6.171,6.171,1.0
2019,10730,3,2,5.0,7,24,5.596,5.596,1.0
2019,6199,17,2,9.2,8,23,6.634,6.634,1.0
2019,14079,3,2,18.2,4,20,8.019,8.019,1.0
2019,12449,16,1,14.2,2,22,7.729,7.729,1.0
2019,8327,11,1,15.2,4,21,7.038,7.038,1.0
2019,5217,16,1,9.4,3,28,6.342,6.342,1.0
2019,12885,9,2,5.8,4,23,6.346,6.346,1.0
2019,9214,0,0,14.8,3,17,6.604,6.604,1.0
2019,12595,17,1,15.7,4,27,8.392,8.392,1.0
2019,5514,17,0,15.5,6,20,7.911,7.911,1.0
2019,8002,13,1,12.8,1,19,6.434,6.434,1.0
2019,9513,14,2,8.1,3,28,6.814,6.814,1.0
2019,9617,11,2,21.8,4,23,8.46,8.46,1.0
2019,8375,3,0,13.9,5,24,7.143,7.143,1.0
2019,11057,2,2,11.3,5,24,6.37,6.37,1.0
2019,6831,11,1,11.3,7,21,6.316,6.316,1.0
2019,9144,6,0,12.6,2,20,6.612,6.612,1.0
2019,9801,10,0,16.3,2,21,7.846,7.846,1.0
2019,10786,0,0,12.8,5,27,6.867,6.867,1.0
2019,11279,5,0,15.4,2,23,7.292,7.292,1.0
2019,6688,14,2,12.6,3,26,7.03,7.03,1.0
2019,5665,14,1,11.6,8,22,6.592,6.592,1.0
2019,12694,10,2,14.6,2,20,7.096,7.096,1.0
2019,10331,1,0,14.4,3,18,6.539,6.539,1.0
2019,7629,13,0,11.3,9,24,7.629,7.629,1.0
2019,13378,1,1,9.0,2,27,5.941,5.941,1.0
2019,9789,3,0,13.4,4,19,6.667,6.667,1.0
2019,12448,16,1,12.3,3,24,7.658,7.658,1.0
2019,9669,2,2,9.8,6,18,5.692,5.692,1.0
2019,14652,12,1,8.6,3,20,6.908,6.908,1.0
2019,13888,8,1,13.6,7,23,7.695,7.695,1.0
2019,8878,6,0,14.2,3,17,6.83,6.83,1.0
2019,11929,14,0,10.6,3,22,7.972,7.972,1.0
2019,11113,10,0,9.7,5,19,7.31,7.31,1.0
2019,12922,1,1,8.7,2,24,5.533,5.533,1.0
2019,7088,14,0,13.5,2,22,7.227,7.227,1.0
2019,11215,13,1,8.8,3,25,6.756,6.756,1.0
2019,12146,10,1,21.0,7,21,8.57,8.57,1.0
2019,5103,2,1,10.4,2,18,4.547,4.547,1.0
2019,6542,16,0,2.3,6,18,6.088,6.088,1.0
2019,4402,11,0,11.9,2,16,6.282,6.282,1.0
2019,8826,14,2,11.7,2,24,6.89,6.89,1.0
2019,11294,15,1,16.4,3,30,8.484,8.484,1.0
2019,13256,4,1,13.2,6,23,6.995,6.995,1.0
2019,9685,5,0,8.7,6,27,6.611,6.611,1.0
2019,13572,4,2,10.9,5,25,6.974,6.974,1.0
2019,6050,2,1,13.3,4,20,5.442,5.442,1.0
2019,5242,0,0,3.3,5,26,4.481,4.481,1.0
2019,9361,5,2,17.4,8,21,7.615,7.615,1.0
2019,10460,14,0,8.7,2,21,7.639,7.639,1.0
2019,9418,1,1,17.7,2,21,6.322,6.322,1.0
2019,4331,2,1,13.6,2,22,5.643,5.643,1.0
2019,9277,16,0,14.5,2,24,8.026,8.026,1.0
2019,6239,11,2,16.6,5,20,7.042,7.042,1.0
2019,11174,17,1,14.3,2,25,8.063,8.063,1.0
2019,10416,14,1,14.7,3,25,7.751,7.751,1.0
2019,7150,11,0,11.3,4,23,7.226,7.226,1.0
2019,8215,15,0,13.5,5,28,8.159,8.159,1.0
2019,6852,7,0,9.7,3,26,6.469,6.469,1.0
2019,9343,13,2,10.6,6,25,7.069,7.069,1.0
2019,11888,16,0,19.9,7,22,9.576,9.576,1.0
2019,7036,7,1,8.8,1,23,5.743,5.743,1.0
2019,10760,14,1,12.6,2,24,7.229,7.229,1.0
2019,8174,13,0,12.5,4,22,7.641,7.641,1.0
2019,7518,17,1,10.8,5,21,6.861,6.861,1.0
2019,9232,6,0,14.1,6,15,6.908,6.908,1.0
2019,6912,2,2,14.4,3,24,6.126,6.126,1.0
2019,8116,11,1,8.3,3,25,6.059,6.059,1.0
2019,6505,2,0,12.4,4,19,5.844,5.844,1.0
2019,14412,13,0,7.7,6,24,7.82,7.82,1.0
2019,9588,14,1,15.2,2,20,7.273,7.273,1.0
2019,7751,13,2,12.7,4,21,6.77,6.77,1.0
2019,10035,6,1,12.3,5,26,6.755,6.755,1.0
2019,9219,16,1,14.6,3,19,7.314,7.315,1.0
2019,8948,11,0,10.9,4,19,6.97,6.97,1.0
2019,11035,3,0,15.7,6,27,8.08,8.08,1.0
2019,11394,8,0,8.2,6,22,6.922,6.922,1.0
2019,8174,5,1,17.6,5,26,6.917,6.917,1.0
2019,8060,15,2,9.8,4,17,6.416,6.416,1.0
2019,8812,1,1,5.2,6,17,4.774,4.774,1.0
2019,3745,7,0,10.7,4,19,5.754,5.754,1.0
2019,5712,10,1,10.2,1,21,5.407,5.407,1.0
2019,12917,12,2,10.7,3,18,7.685,7.685,1.0
2019,13612,16,1,12.9,2,23,7.676,7.676,1.0
2019,8877,7,2,16.4,4,23,7.213,7.213,1.0
2019,10941,17,0,11.2,4,19,7.997,7.997,1.0
2019,10278,17,0,9.2,1,20,7.519,7.519,1.0
2019,17197,13,2,7.5,4,20,7.63,7.63,1.0
2019,12299,14,1,10.1,4,19,6.933,6.933,1.0
2019,9180,5,0,4.4,7,13,5.74,5.74,1.0
2019,7111,10,1,9.1,4,22,5.811,5.811,1.0
2019,5484,12,2,17.0,7,21,7.085,7.085,1.0
2019,10009,0,1,8.7,3,21,5.086,5.086,1.0
2019,7609,5,1,14.5,1,19,6.219,6.219,1.0
2019,5944,8,1,7.1,5,24,5.553,5.553,1.0
2019,7884,7,1,19.1,8,29,8.202,8.202,1.0
2019,6796,10,1,19.4,6,19,7.638,7.638,1.0
2019,13718,8,2,14.4,2,26,7.425,7.425,1.0
2019,11704,16,2,20.0,1,23,8.63,8.63,1.0
2019,9480,11,2,13.4,2,22,6.778,6.778,1.0
2019,13200,13,0,15.1,2,21,8.237,8.237,1.0
2019,9693,14,1,17.0,4,22,7.684,7.684,1.0
2019,7347,15,2,12.7,2,25,6.893,6.893,1.0
2019,13308,0,1,5.8,1,19,5.135,5.135,1.0
2019,10847,9,2,15.2,4,21,7.384,7.384,1.0
2019,6907,7,2,10.1,3,26,6.119,6.119,1.0
2019,9024,17,1,10.4,3,25,7.035,7.035,1.0
2019,7311,0,1,13.2,7,19,5.531,5.531,1.0
2019,6043,1,0,14.3,3,21,6.232,6.232,1.0
2019,11815,0,1,12.6,4,24,6.507,6.507,1.0
2019,14274,0,1,14.5,4,24,6.922,6.922,1.0
2019,6004,8,2,9.2,2,25,5.836,5.836,1.0
2019,10907,12,0,11.8,2,23,7.607,7.607,1.0
2019,7873,0,0,15.4,4,24,6.909,6.909,1.0
2019,8282,12,1,19.1,7,23,8.201,8.201,1.0
2019,8019,6,0,20.5,3,27,8.726,8.726,1.0
2019,7340,1,0,13.7,6,21,6.375,6.375,1.0
2019,9621,5,0,15.4,4,22,7.343,7.343,1.0
2019,7423,6,0,19.9,4,19,7.655,7.655,1.0
2019,10176,13,0,9.3,4,18,7.275,7.275,1.0
2019,9374,17,1,14.5,5,23,8.362,8.362,1.0
2019,8903,14,1,15.1,4,20,7.2,7.2,1.0
2019,7231,1,2,17.8,2,22,6.066,6.066,1.0
2019,8058,9,1,7.5,3,27,6.086,6.086,1.0
2019,11388,11,1,8.2,5,27,6.764,6.764,1.0
2019,10752,16,0,12.1,6,29,8.595,8.595,1.0
2019,7056,7,0,13.5,3,27,7.175,7.175,1.0
2019,9748,10,1,16.5,3,29,7.566,7.566,1.0
2019,11378,2,0,14.1,3,23,7.058,7.058,1.0
2019,5326,5,1,11.4,3,19,5.327,5.327,1.0
2019,10858,8,1,13.7,3,19,6.624,6.624,1.0
2019,7843,5,1,13.2,2,26,6.035,6.035,1.0
2019,10926,8,0,19.0,3,22,8.14,8.14,1.0
2019,7592,6,0,12.7,5,22,6.765,6.765,1.0
2019,4988,8,1,10.5,2,20,5.298,5.298,1.0
2019,5431,17,0,13.8,4,21,7.553,7.553,1.0
2019,9620,11,1,12.8,4,23,7.191,7.191,1.0
2019,10149,7,1,5.7,3,19,5.365,5.365,1.0
2019,7239,7,2,11.9,5,23,6.101,6.101,1.0
2019,11096,17,0,11.6,4,27,8.143,8.143,1.0
2019,5346,14,2,9.8,3,16,6.059,6.059,1.0
2019,9335,6,1,16.1,8,17,6.851,6.851,1.0
2019,6472,10,1,8.9,6,24,5.962,5.962,1.0
2019,7870,15,0,13.8,3,26,7.898,7.898,1.0
2019,9618,3,1,11.4,4,21,5.797,5.797,1.0
2019,7349,5,0,12.4,5,16,6.503,6.503,1.0
2019,8539,2,1,13.6,4,26,6.435,6.435,1.0
2019,12016,8,0,6.8,8,20,7.065,7.065,1.0
2019,8058,9,2,12.8,4,21,6.78,6.78,1.0
2019,11589,13,2,21.2,3,23,8.497,8.497,1.0
2019,6676,10,1,5.8,7,20,5.691,5.691,1.0
2019,10825,17,0,11.8,4,19,7.847,7.847,1.0
2019,13104,11,0,16.5,4,19,8.568,8.568,1.0
2019,3321,11,1,13.2,8,28,6.462,6.462,1.0
2019,7508,12,1,14.8,5,25,7.213,7.213,1.0
2019,10943,12,0,2.5,2,24,6.298,6.298,1.0
2019,8992,13,1,14.4,6,15,6.982,6.982,1.0
2019,10428,3,2,9.0,7,24,6.231,6.231,1.0
2019,7990,12,1,13.2,4,24,6.928,6.928,1.0
2019,9716,7,1,11.9,4,18,6.297,6.297,1.0
2019,9111,11,2,21.1,6,23,8.536,8.536,1.0
2019,12419,17,0,14.2,1,25,8.38,8.38,1.0
2019,10136,5,1,11.5,5,24,6.545,6.545,1.0
2019,10344,17,2,6.0,2,20,6.492,6.492,1.0
2019,8470,4,0,12.5,5,22,6.766,6.766,1.0
2019,8281,8,1,15.3,7,24,7.392,7.392,1.0
2019,8419,2,1,11.7,1,22,5.385,5.385,1.0
2019,10486,9,1,10.0,5,26,6.645,6.645,1.0
2019,8448,2,1,9.7,5,23,5.529,5.529,1.0
2019,10224,14,2,14.1,4,24,7.471,7.471,1.0
2019,14689,0,2,15.0,3,24,6.908,6.908,1.0
2019,11678,6,0,17.4,3,19,7.684,7.684,1.0
2019,8685,11,2,8.0,4,22,5.929,5.929,1.0
2019,12503,16,0,14.1,2,21,8.446,8.446,1.0
2019,8480,4,1,11.5,3,25,5.904,5.904,1.0
2019,4405,3,1,11.6,1,23,5.21,5.21,1.0
2019,6980,11,1,13.6,1,21,6.586,6.586,1.0
2019,4823,17,1,13.6,3,18,6.522,6.522,1.0
2019,8621,16,2,14.1,2,17,6.893,6.893,1.0
2019,9546,8,1,7.8,3,23,5.893,5.893,1.0
2019,13691,3,1,9.0,5,20,6.131,6.131,1.0
2019,10317,1,0,17.9,2,24,7.655,7.655,1.0
2019,8952,3,2,11.1,5,17,5.647,5.647,1.0
2019,11574,1,2,13.2,4,27,6.479,6.479,1.0
2019,3972,14,2,16.2,2,24,6.972,6.972,1.0
2019,10089,1,0,13.9,4,22,6.855,6.855,1.0
2019,11427,3,0,14.2,5,27,7.302,7.302,1.0
2019,5804,5,0,15.6,3,25,7.316,7.316,1.0
2019,12359,6,0,3.5,3,21,5.776,5.776,1.0
2019,10346,9,1,10.0,2,22,6.137,6.137,1.0
2019,8462,11,2,13.9,3,16,6.445,6.445,1.0
2019,11082,2,1,17.6,4,25,7.005,7.005,1.0
2019,15177,12,0,12.3,2,21,8.337,8.337,1.0
2019,9955,17,0,8.6,5,16,7.713,7.713,1.0
2019,10121,7,0,8.7,1,18,6.12,6.12,1.0
2019,8352,14,0,15.5,5,25,8.645,8.645,1.0
2019,7375,0,0,11.1,3,27,5.82,5.82,1.0
2019,11576,2,0,12.0,4,22,6.753,6.753,1.0
2019,7360,7,2,14.5,3,19,6.46,6.46,1.0
2019,9679,3,2,1.0,6,18,4.377,4.377,1.0
2019,8306,15,1,20.0,1,26,8.496,8.496,1.0
2019,10697,9,1,9.1,4,23,6.383,6.383,1.0
2019,10334,11,2,13.0,6,21,7.112,7.112,1.0
2019,12094,13,0,5.2,1,20,6.461,6.461,1.0
2019,8225,13,0,10.3,6,24,7.51,7.51,1.0
2019,8825,1,2,17.0,4,24,6.399,6.399,1.0
2019,7053,4,0,4.3,3,19,5.186,5.186,1.0
2019,8389,4,1,16.5,3,19,6.546,6.546,1.0
2019,10443,5,1,10.9,3,19,6.125,6.125,1.0
2019,11392,12,0,13.9,5,21,8.493,8.493,1.0
2019,7195,8,0,14.6,2,20,6.914,6.914,1.0
2019,11674,14,2,13.8,4,27,7.844,7.844,1.0
2019,12889,13,0,8.5,7,20,7.862,7.862,1.0
2019,10534,6,0,10.5,3,18,6.383,6.383,1.0
2019,14192,1,1,6.2,1,18,5.089,5.089,1.0
2019,7566,6,1,14.0,5,21,6.408,6.408,1.0
2019,6388,5,0,18.8,2,17,7.487,7.487,1.0
2019,5053,16,2,4.7,6,22,5.704,5.704,1.0
2019,13240,1,1,9.0,2,18,5.948,5.948,1.0
2019,11136,2,2,11.3,3,25,6.162,6.162,1.0
2019,9361,4,2,12.7,7,22,6.387,6.387,1.0
2019,10200,4,1,15.5,3,28,6.868,6.868,1.0
2019,6686,0,1,11.4,7,21,5.301,5.301,1.0
2019,15614,7,2,10.7,2,13,6.761,6.761,1.0
2019,9823,11,0,16.4,4,26,8.162,8.162,1.0
2019,9773,3,1,14.6,3,24,6.3,6.3,1.0
2019,11314,12,0,14.2,3,24,8.187,8.187,1.0
2019,10703,14,0,12.5,5,19,8.254,8.254,1.0
2019,10060,10,0,15.9,5,22,8.046,8.046,1.0
2019,7524,9,2,9.4,6,23,6.401,6.401,1.0
2019,10679,2,2,8.8,2,21,5.264,5.264,1.0
2019,14205,13,0,15.0,7,17,9.063,9.063,1.0
2019,12864,15,0,5.5,5,30,7.849,7.849,1.0
2019,13483,9,1,12.4,4,25,7.184,7.184,1.0
2019,8222,9,1,10.7,1,23,6.173,6.173,1.0
2019,7026,11,0,6.4,8,26,7.088,7.088,1.0
2019,9186,8,1,8.3,1,24,5.576,5.576,1.0
2019,9639,0,1,11.6,5,20,5.902,5.901,1.0
2019,12235,4,2,16.1,1,26,6.925,6.925,1.0
2019,5269,7,0,9.4,5,25,6.301,6.301,1.0
2019,13324,10,1,16.9,5,20,7.888,7.888,1.0
2019,9105,11,1,12.3,2,24,6.814,6.814,1.0
2019,8433,0,2,17.2,3,21,6.772,6.772,1.0
2019,6970,10,1,9.6,3,23,6.187,6.187,1.0
2019,5363,4,1,11.8,6,24,5.62,5.62,1.0
2019,11558,14,0,13.5,11,26,8.71,8.711,1.0
2019,9683,4,2,11.3,3,20,6.019,6.019,1.0
2019,6275,11,1,15.8,3,23,7.311,7.311,1.0
2019,6262,4,0,3.2,4,28,5.229,5.229,1.0
2019,8661,16,1,21.7,3,21,8.304,8.304,1.0
2019,13673,16,0,15.4,4,23,8.946,8.946,1.0
2019,8851,11,0,11.3,8,28,7.642,7.642,1.0
2019,5742,14,2,9.8,2,24,5.937,5.937,1.0
2019,8886,14,1,8.5,2,18,5.98,5.98,1.0
2019,8818,5,1,14.6,3,20,6.415,6.415,1.0
2019,2758,11,0,16.0,1,24,6.679,6.679,1.0
2019,9364,17,2,11.3,3,23,7.109,7.109,1.0
2019,8923,13,0,16.4,3,22,8.045,8.045,1.0
2019,11241,1,1,8.4,5,28,5.802,5.802,1.0
2020,6152,4,1,5.7,7,21,5.218,4.832,1.08
2020,12573,5,0,7.8,6,19,6.961,6.445,1.08
2020,12366,6,1,16.0,5,23,8.111,7.51,1.08
2020,9260,9,1,13.0,5,18,7.217,6.682,1.08
2020,10639,15,2,11.5,5,19,7.877,7.293,1.08
2020,8959,7,1,10.0,2,25,6.497,6.016,1.08
2020,11380,8,2,13.9,4,28,7.861,7.278,1.08
2020,7464,3,1,8.6,4,23,5.773,5.345,1.08
2020,12856,7,0,13.2,5,25,8.703,8.058,1.08
2020,11256,6,0,9.1,3,21,7.137,6.609,1.08
2020,11314,14,1,8.4,5,18,7.69,7.12,1.08
2020,9237,2,2,9.5,1,24,5.941,5.501,1.08
2020,5968,16,2,10.5,5,24,7.49,6.935,1.08
2020,11710,10,0,11.8,6,22,8.245,7.634,1.08
2020,6051,8,0,12.9,10,21,7.653,7.086,1.08
2020,11740,4,0,1.0,2,25,5.716,5.292,1.08
2020,7570,9,2,8.8,6,19,6.686,6.191,1.08
2020,5532,14,2,10.4,7,20,6.877,6.367,1.08
2020,9502,13,2,18.0,3,19,8.326,7.709,1.08
2020,12457,3,1,7.7,5,22,6.729,6.231,1.08
2020,7086,1,1,12.7,2,19,5.943,5.502,1.08
2020,13498,11,1,18.0,4,20,8.619,7.98,1.08
2020,11142,0,0,6.7,3,20,6.085,5.634,1.08
2020,9892,4,1,13.6,3,21,6.645,6.153,1.08
2020,8411,5,0,8.8,1,18,6.227,5.766,1.08
2020,8585,10,0,10.0,6,22,7.757,7.182,1.08
2020,10575,7,2,8.8,3,26,6.866,6.357,1.08
2020,11615,6,2,9.1,7,22,7.288,6.748,1.08
2020,8016,3,1,22.9,6,27,8.546,7.913,1.08
2020,7484,5,1,15.4,3,26,7.472,6.918,1.08
2020,8965,15,1,16.4,3,24,8.347,7.729,1.08
2020,12984,14,1,14.0,2,22,8.249,7.638,1.08
2020,6458,13,2,5.6,4,22,6.31,5.842,1.08
2020,12356,11,2,13.6,5,24,7.977,7.386,1.08
2020,9606,11,1,16.3,6,21,8.027,7.432,1.08
2020,5368,15,0,8.6,5,16,6.827,6.322,1.08
2020,8346,14,0,15.9,1,23,9.412,8.715,1.08
2020,11024,12,1,14.8,8,19,8.71,8.065,1.08
2020,14005,10,0,19.4,8,19,9.928,9.193,1.08
2020,6182,16,2,10.3,3,22,6.875,6.366,1.08
2020,2452,14,0,7.6,6,22,6.474,5.995,1.08
2020,6226,13,0,10.6,4,18,7.121,6.594,1.08
2020,12326,9,1,17.7,3,22,8.386,7.765,1.08
2020,5016,11,2,4.7,7,25,5.862,5.428,1.08
2020,13243,15,0,3.7,3,19,7.659,7.092,1.08
2020,12537,14,1,12.4,4,26,8.176,7.57,1.08
2020,9978,9,1,10.2,7,17,6.932,6.418,1.08
2020,7934,3,0,12.0,4,28,7.026,6.505,1.08
2020,9638,8,1,15.8,6,21,7.699,7.129,1.08
2020,11028,8,1,9.8,5,22,7.129,6.601,1.08
2020,10646,10,1,4.5,11,16,6.667,6.173,1.08
2020,13849,10,2,20.2,3,22,8.987,8.322,1.08
2020,8850,6,0,8.0,4,23,6.789,6.286,1.08
2020,6248,9,0,7.8,2,22,6.908,6.396,1.08
2020,5807,3,2,16.4,3,20,6.459,5.981,1.08
2020,5307,4,1,10.5,1,19,5.322,4.928,1.08
2020,9991,4,1,11.7,5,25,6.697,6.201,1.08
2020,8914,10,2,13.9,5,22,7.81,7.232,1.08
2020,9582,8,0,16.3,2,27,8.515,7.885,1.08
2020,8157,15,1,10.7,3,20,7.29,6.75,1.08
2020,6725,8,0,18.1,6,21,8.152,7.548,1.08
2020,11036,3,0,3.5,3,24,5.928,5.489,1.08
2020,3342,1,0,15.0,4,17,6.106,5.654,1.08
2020,7496,13,2,8.6,5,18,6.551,6.066,1.08
2020,11466,2,0,17.5,2,25,8.137,7.534,1.08
2020,7248,17,1,12.6,4,18,7.329,6.786,1.08
2020,10479,5,2,9.3,4,17,6.393,5.92,1.08
2020,7499,10,1,14.7,6,28,7.932,7.345,1.08
2020,8360,17,1,15.6,3,18,8.024,7.43,1.08
2020,10937,11,1,14.6,3,23,7.717,7.145,1.08
2020,6305,4,0,7.9,5,22,6.218,5.758,1.08
2020,11363,8,1,10.1,4,14,6.54,6.056,1.08
2020,9615,17,1,12.0,5,21,8.178,7.572,1.08
2020,12641,2,2,11.8,6,23,7.176,6.645,1.08
2020,10020,8,2,15.0,5,23,7.872,7.289,1.08
2020,6826,3,2,3.9,1,25,4.845,4.486,1.08
2020,13820,16,2,13.3,5,21,8.786,8.135,1.08
2020,7035,16,1,10.8,4,24,7.502,6.947,1.08
2020,8932,1,1,8.6,1,20,5.689,5.267,1.08
2020,11894,8,2,9.0,5,18,6.732,6.233,1.08
2020,4800,8,1,11.1,3,18,5.815,5.384,1.08
2020,13099,4,2,1.0,4,18,5.412,5.011,1.08
2020,6623,14,1,9.2,4,25,6.718,6.22,1.08
2020,8363,14,1,8.5,6,17,7.134,6.606,1.08
2020,10222,2,1,14.1,5,23,7.119,6.592,1.08
2020,9396,2,2,8.8,2,21,5.874,5.439,1.08
2020,11473,5,0,11.1,2,22,7.316,6.775,1.08
2020,5498,3,1,18.2,4,26,6.921,6.409,1.08
2020,11319,12,1,16.0,6,21,8.697,8.053,1.08
2020,11518,12,0,15.6,5,24,9.469,8.767,1.08
2020,12073,10,2,10.0,5,22,7.651,7.084,1.08
2020,5526,4,1,14.2,6,22,6.82,6.315,1.08
2020,5828,0,1,11.1,4,29,6.022,5.576,1.08
2020,8644,8,0,11.2,3,18,7.263,6.725,1.08
2020,6098,16,1,13.6,3,26,7.707,7.137,1.08
2020,4990,0,1,9.6,5,24,5.204,4.818,1.08
2020,8536,2,1,18.0,4,21,7.443,6.892,1.08
2020,10085,14,0,11.4,4,27,8.608,7.971,1.08
2020,16497,9,2,14.5,3,16,8.041,7.445,1.08
2020,10872,7,1,17.8,3,20,7.82,7.24,1.08
2020,13881,11,1,16.1,1,18,8.458,7.832,1.08
2020,9390,14,1,6.4,2,23,7.292,6.752,1.08
2020,10899,8,1,13.8,7,19,7.819,7.239,1.08
2020,9135,9,1,15.4,2,23,7.682,7.113,1.08
2020,16208,8,1,15.6,4,21,8.5,7.87,1.08
2020,7786,14,1,7.5,3,21,6.355,5.884,1.08
2020,8125,0,1,9.4,3,23,5.548,5.137,1.08
2020,11491,1,1,16.0,7,21,7.923,7.336,1.08
2020,10019,13,0,9.0,3,19,7.832,7.251,1.08
2020,8440,7,1,10.8,2,30,6.876,6.367,1.08
2020,11901,5,0,18.3,1,21,8.949,8.286,1.08
2020,9397,11,0,11.8,4,15,8.291,7.676,1.08
2020,9380,14,2,9.1,2,19,7.476,6.922,1.08
2020,10076,13,1,8.5,4,18,6.725,6.227,1.08
2020,5165,0,1,13.3,7,24,6.353,5.883,1.08
2020,5517,10,1,6.7,4,23,5.945,5.505,1.08
2020,12217,2,2,11.0,5,23,6.597,6.108,1.08
2020,7808,17,1,13.3,8,21,8.016,7.423,1.08
2020,9168,1,2,17.2,4,21,7.162,6.632,1.08
2020,13531,6,1,14.7,3,21,7.632,7.066,1.08
2020,9280,7,2,9.1,7,22,6.895,6.384,1.08
2020,8975,14,2,16.7,4,25,8.343,7.725,1.08
2020,11740,9,2,10.8,5,23,7.42,6.87,1.08
2020,8004,0,0,7.1,8,24,6.225,5.764,1.08
2020,12507,5,0,11.3,4,23,7.617,7.053,1.08
2020,11689,12,0,17.8,3,25,9.518,8.813,1.08
2020,14076,13,0,12.7,1,23,8.68,8.037,1.08
2020,7774,2,2,12.1,1,23,5.784,5.356,1.08
2020,12917,10,0,18.5,8,26,11.01,10.195,1.08
2020,10885,2,0,6.3,5,20,6.282,5.816,1.08
2020,6187,9,0,6.9,3,19,6.289,5.824,1.08
2020,3010,14,0,5.5,5,18,6.084,5.633,1.08
2020,7505,10,0,13.5,4,23,7.807,7.229,1.08
2020,10231,14,2,12.7,3,16,7.681,7.112,1.08
2020,10593,12,1,18.2,1,23,8.537,7.904,1.08
2020,9352,4,0,13.0,5,22,7.464,6.911,1.08
2020,9375,3,1,10.4,3,25,6.357,5.886,1.08
2020,9185,12,1,12.0,4,20,7.722,7.15,1.08
2020,12078,8,0,12.5,9,21,8.361,7.742,1.08
2020,5909,16,1,5.3,7,25,6.48,6.0,1.08
2020,10171,1,1,22.8,5,26,8.291,7.677,1.08
2020,7443,4,1,14.1,4,20,6.558,6.073,1.08
2020,7234,15,1,12.8,1,23,7.213,6.679,1.08
2020,12441,6,0,14.5,7,23,8.709,8.064,1.08
2020,7042,0,2,14.8,2,23,6.648,6.155,1.08
2020,9151,11,2,11.4,7,21,7.839,7.258,1.08
2020,14396,10,2,9.5,4,26,7.689,7.12,1.08
2020,11595,11,0,14.4,6,16,8.384,7.763,1.08
2020,8363,11,2,13.5,5,21,7.558,6.998,1.08
2020,8569,11,2,8.8,6,23,7.207,6.673,1.08
2020,6432,13,2,17.7,6,23,8.233,7.623,1.08
2020,12752,1,0,13.2,2,26,7.455,6.903,1.08
2020,12028,1,1,14.9,5,26,7.702,7.132,1.08
2020,11217,3,2,17.6,5,21,7.508,6.952,1.08
2020,11492,15,1,12.1,7,26,8.431,7.806,1.08
2020,7564,9,1,13.3,3,20,6.864,6.355,1.08
2020,5630,12,2,15.2,2,25,7.278,6.739,1.08
2020,10901,1,1,9.1,5,27,6.753,6.253,1.08
2020,11721,2,1,12.2,7,26,7.354,6.809,1.08
2020,13518,5,1,12.5,4,22,7.205,6.671,1.08
2020,8998,7,2,8.2,5,21,6.298,5.831,1.08
2020,8633,13,0,21.3,4,17,9.332,8.641,1.08
2020,8902,9,1,6.4,6,23,6.306,5.839,1.08
2020,11177,2,1,6.8,2,19,5.707,5.284,1.08
2020,8795,5,2,17.3,5,20,7.655,7.088,1.08
2020,9369,14,1,14.9,3,18,7.648,7.081,1.08
2020,11578,17,2,7.9,6,21,7.739,7.166,1.08
2020,7935,13,2,14.4,4,22,7.603,7.04,1.08
2020,12978,9,0,17.9,4,23,9.418,8.72,1.08
2020,11083,14,1,11.9,7,20,7.907,7.321,1.08
2020,4856,3,0,22.4,1,25,7.81,7.232,1.08
2020,8212,1,0,5.1,2,21,5.823,5.391,1.08
2020,4439,2,1,14.8,5,20,6.191,5.733,1.08
2020,9008,6,2,16.7,2,23,8.191,7.585,1.08
2020,8254,15,2,15.6,5,28,9.278,8.591,1.08
2020,11587,9,0,11.2,4,23,8.341,7.723,1.08
2020,7297,16,0,10.8,1,21,7.531,6.973,1.08
2020,10469,4,1,13.8,3,17,6.522,6.039,1.08
2020,10922,12,1,15.3,3,21,7.938,7.35,1.08
2020,10143,12,0,14.4,1,23,8.344,7.726,1.08
2020,12350,10,2,16.2,3,21,8.053,7.456,1.08
2020,14671,10,2,7.9,5,17,7.041,6.519,1.08
2020,9780,15,1,11.1,6,19,7.487,6.932,1.08
2020,10513,14,2,8.2,2,26,7.015,6.495,1.08
2020,7299,16,1,10.5,3,26,7.621,7.057,1.08
2020,6951,17,1,16.1,4,19,7.881,7.297,1.08
2020,12085,3,1,12.4,4,24,6.884,6.374,1.08
2020,11754,4,0,22.4,4,18,8.932,8.271,1.08
2020,6926,6,2,12.8,5,26,6.669,6.175,1.08
2020,6229,1,1,12.2,1,23,5.827,5.395,1.08
2020,7878,0,1,12.4,3,25,5.969,5.527,1.08
2020,9147,11,1,9.4,5,17,6.583,6.095,1.08
2020,8477,9,0,11.8,6,24,8.106,7.506,1.08
2020,9901,7,0,16.5,8,22,8.504,7.874,1.08
2020,11793,0,1,12.5,3,25,6.524,6.041,1.08
2020,10655,11,1,8.8,4,25,6.923,6.41,1.08
2020,10840,1,0,8.3,3,22,6.708,6.211,1.08
2020,3371,9,1,10.2,4,20,5.689,5.267,1.08
2020,5465,16,1,12.3,4,24,7.624,7.059,1.08
2020,7509,2,1,16.8,5,22,6.78,6.278,1.08
2020,7922,6,1,6.6,3,19,5.583,5.17,1.08
2020,11600,11,2,10.7,2,19,7.162,6.632,1.08
2020,7303,7,1,12.6,5,18,6.484,6.004,1.08
2020,11167,11,1,4.7,6,20,6.491,6.011,1.08
2020,7537,2,0,8.7,1,25,6.896,6.385,1.08
2020,6498,16,0,9.3,6,23,7.589,7.027,1.08
2020,6614,8,0,8.8,6,20,6.747,6.247,1.08
2020,15146,9,1,12.8,5,24,8.454,7.828,1.08
2020,7482,5,0,11.4,3,20,6.767,6.266,1.08
2020,11227,0,0,9.8,3,22,6.656,6.163,1.08
2020,5605,11,2,13.7,4,21,6.762,6.261,1.08
2020,13047,4,0,18.9,3,24,9.202,8.52,1.08
2020,10373,12,0,18.6,3,17,8.87,8.213,1.08
2020,10185,14,0,4.3,1,19,7.041,6.519,1.08
2020,10535,10,2,14.3,6,17,7.59,7.028,1.08
2020,10810,7,0,11.3,5,21,7.772,7.197,1.08
2020,11523,4,1,12.6,6,26,7.545,6.986,1.08
2020,8002,1,1,10.4,4,20,5.97,5.528,1.08
2020,7856,11,1,12.5,6,20,7.727,7.154,1.08
2020,9623,1,1,12.6,5,25,6.596,6.107,1.08
2020,11211,15,2,9.7,3,25,7.712,7.141,1.08
2020,9333,2,0,8.4,4,22,6.513,6.031,1.08
2020,11435,9,0,10.2,2,24,7.726,7.154,1.08
2020,11045,7,0,12.9,1,19,7.622,7.058,1.08
2020,8958,6,0,14.4,5,26,8.516,7.885,1.08
2020,5132,0,0,15.4,3,28,6.688,6.192,1.08
2020,8241,11,0,10.0,7,24,7.741,7.168,1.08
2020,13857,4,1,13.1,8,16,7.677,7.108,1.08
2020,10350,15,1,15.9,7,20,9.252,8.566,1.08
2020,7901,3,1,16.7,6,24,7.186,6.654,1.08
2020,10127,16,1,11.8,1,21,7.491,6.936,1.08
2020,11192,1,0,11.1,3,26,7.051,6.528,1.08
2020,7902,11,0,12.8,2,24,7.794,7.217,1.08
2020,12588,0,1,7.4,6,20,6.056,5.608,1.08
2020,10739,11,0,11.2,6,22,8.178,7.572,1.08
2020,6750,11,0,15.0,7,19,8.465,7.838,1.08
2020,11641,11,1,14.6,2,21,7.927,7.34,1.08
2020,8476,16,2,10.9,7,20,8.19,7.584,1.08
2020,9052,10,1,12.9,1,26,7.268,6.73,1.08
2020,6960,12,0,8.7,3,28,7.456,6.903,1.08
2020,11079,7,2,14.8,3,18,7.569,7.008,1.08
2020,9128,9,1,11.7,2,16,7.052,6.53,1.08
2020,11184,7,1,10.9,2,21,7.221,6.686,1.08
2020,8123,7,2,10.6,1,17,6.245,5.783,1.08
2020,7836,8,1,11.7,3,22,6.71,6.213,1.08
2020,7634,6,0,10.2,7,24,7.185,6.653,1.08
2020,10490,13,1,14.6,7,26,8.423,7.799,1.08
2020,7799,1,1,10.4,2,23,5.598,5.183,1.08
2020,8992,10,1,18.4,1,21,7.739,7.166,1.08
2020,8204,7,1,17.9,3,16,7.118,6.591,1.08
2020,10600,12,2,8.4,6,22,7.233,6.697,1.08
2020,5162,14,2,12.3,9,22,8.056,7.459,1.08
2020,10118,2,2,9.4,2,24,6.139,5.684,1.08
2020,13828,13,2,10.7,2,20,7.698,7.128,1.08
2020,12590,14,2,20.0,4,21,9.222,8.539,1.08
2020,7958,1,0,10.8,4,18,6.55,6.065,1.08
2020,10737,11,0,13.4,2,15,7.873,7.29,1.08
2020,10251,3,1,14.2,6,19,7.221,6.686,1.08
2020,13173,2,2,8.0,4,17,5.917,5.478,1.08
2020,3225,4,1,8.6,2,23,5.159,4.777,1.08
2020,12282,2,1,7.2,6,20,6.228,5.767,1.08
2020,8831,14,0,8.5,3,20,7.711,7.139,1.08
2020,7642,1,0,1.0,3,19,4.502,4.169,1.08
2020,7570,11,1,14.2,3,12,6.975,6.458,1.08
2020,6250,4,0,20.2,5,27,8.513,7.882,1.08
2020,7965,16,1,12.6,2,19,7.33,6.787,1.08
2020,6801,13,0,6.3,6,21,6.779,6.277,1.08
2020,9951,9,0,9.4,3,18,7.233,6.697,1.08
2020,10975,2,1,10.2,3,25,6.296,5.83,1.08
2020,8859,3,1,7.9,1,22,5.521,5.112,1.08
2020,13249,5,1,15.4,4,20,7.571,7.01,1.08
2020,8129,15,0,15.2,7,21,9.293,8.604,1.08
2020,8728,6,2,7.4,4,27,6.116,5.663,1.08
2020,8318,14,1,14.9,1,22,7.786,7.209,1.08
2020,10997,10,1,18.1,1,21,7.961,7.371,1.08
2020,11249,0,1,19.6,2,19,7.421,6.871,1.08
2020,10738,4,0,23.5,4,16,9.123,8.447,1.08
2020,9190,12,2,8.4,8,22,7.092,6.567,1.08
2020,6148,13,1,23.3,3,23,8.719,8.073,1.08
2020,8701,8,1,10.6,4,25,6.705,6.208,1.08
2020,13195,16,0,9.6,3,15,8.235,7.625,1.08
2020,12033,14,2,13.3,4,19,8.289,7.675,1.08
2020,10235,6,2,9.7,2,20,6.606,6.117,1.08
2020,8539,11,0,13.6,4,22,8.231,7.622,1.08
2020,9466,5,0,6.7,3,22,6.27,5.806,1.08
2020,8550,15,2,11.0,7,22,7.739,7.166,1.08
2020,12483,4,1,17.1,3,23,8.894,8.235,1.08
2020,7403,8,2,11.8,5,19,6.595,6.107,1.08
2020,11809,13,1,12.6,3,25,7.825,7.246,1.08
2020,8177,7,1,13.9,1,23,6.777,6.275,1.08
2020,12802,13,1,16.7,6,21,8.878,8.22,1.08
2020,10567,11,0,5.4,7,27,7.328,6.785,1.08
2020,7627,9,1,14.3,5,27,7.33,6.787,1.08
2020,8727,12,2,10.9,4,25,7.211,6.677,1.08
2020,11279,14,0,12.7,1,13,7.894,7.31,1.08
2020,8252,7,1,16.2,8,27,8.252,7.641,1.08
2020,9555,9,1,7.2,4,24,6.736,6.237,1.08
2020,8218,2,1,7.9,1,28,5.415,5.014,1.08
2020,13898,2,2,4.3,3,26,6.189,5.73,1.08
2020,14328,4,2,9.8,3,27,7.09,6.564,1.08
2020,13158,15,0,17.3,3,25,10.202,9.446,1.08
2020,9189,16,2,11.5,3,26,8.09,7.491,1.08
2020,8493,5,2,6.6,3,28,5.909,5.471,1.08
2020,7552,15,2,10.1,5,23,7.576,7.015,1.08
2020,13339,1,1,6.0,9,17,5.92,5.481,1.08
2020,11827,14,2,7.5,4,21,7.226,6.691,1.08
2020,11947,17,0,13.6,1,23,9.035,8.366,1.08
2020,8875,0,0,7.3,1,22,5.616,5.2,1.08
2020,5105,11,2,16.5,3,18,7.409,6.86,1.08
2020,5680,7,0,11.7,2,17,6.546,6.061,1.08
2020,9644,5,0,12.3,3,20,7.357,6.812,1.08
2020,8193,11,2,10.9,1,24,6.589,6.101,1.08
2020,7906,6,2,15.1,5,27,7.237,6.701,1.08
2020,10363,17,0,15.1,4,25,9.372,8.678,1.08
2020,12034,13,2,13.3,10,25,8.719,8.073,1.08
2020,7747,7,1,14.3,4,22,7.448,6.896,1.08
2020,6236,13,1,11.2,3,17,6.868,6.359,1.08
2020,7806,4,2,14.2,5,21,7.0,6.482,1.08
2020,6890,8,1,10.6,2,21,6.245,5.782,1.08
2020,10982,7,0,12.0,3,21,8.112,7.511,1.08
2020,9490,1,0,10.9,4,22,6.633,6.142,1.08
2020,14201,15,1,10.2,2,23,7.897,7.312,1.08
2020,11337,12,1,9.2,1,25,7.318,6.776,1.08
2020,14035,6,2,13.9,5,21,8.26,7.648,1.08
2020,5990,15,2,17.2,6,16,7.74,7.167,1.08
2020,1500,6,1,16.7,7,21,6.725,6.227,1.08
2020,10107,13,2,7.0,2,22,6.636,6.145,1.08
2020,9808,13,0,17.2,5,26,9.124,8.448,1.08
2020,9193,11,0,10.7,5,20,7.673,7.105,1.08
2020,9739,0,2,14.4,7,24,6.753,6.253,1.08
2020,6690,0,0,8.4,5,23,6.282,5.817,1.08
2020,10908,11,0,12.6,4,22,8.596,7.959,1.08
2020,11340,14,1,13.3,7,25,8.363,7.744,1.08
2020,6501,3,1,6.1,9,20,5.277,4.886,1.08
2020,8616,6,2,14.4,3,20,6.992,6.474,1.08
2020,8770,15,0,17.4,5,22,9.296,8.608,1.08
2020,7823,2,0,11.3,3,20,6.515,6.032,1.08
2020,6597,6,0,17.4,1,24,7.605,7.042,1.08
2020,9531,5,1,11.2,5,20,6.882,6.373,1.08
2020,10152,15,1,15.4,3,23,8.273,7.661,1.08
2020,7975,7,1,3.1,4,22,5.217,4.83,1.08
2020,6773,5,2,21.7,6,23,8.763,8.114,1.08
2020,10526,9,2,18.0,3,21,8.209,7.601,1.08
2020,7582,15,0,10.9,4,21,7.909,7.323,1.08
2020,8727,10,1,4.1,8,22,5.992,5.548,1.08
2020,8410,12,1,13.2,6,23,7.753,7.179,1.08
2020,12614,5,2,6.2,2,22,5.858,5.424,1.08
2020,7696,0,2,13.8,3,27,6.2,5.741,1.08
2020,13814,11,0,13.6,6,19,8.764,8.115,1.08
2020,11381,5,1,8.2,1,22,6.166,5.709,1.08
2020,14052,17,1,16.5,2,17,8.987,8.321,1.08
2020,11162,12,0,15.2,4,23,9.073,8.401,1.08
2020,8947,6,0,15.9,1,19,7.539,6.981,1.08
2020,7207,12,1,12.0,2,21,6.857,6.349,1.08
2020,8611,7,1,6.3,4,21,5.881,5.445,1.08
2020,13218,16,0,15.9,7,23,10.333,9.568,1.08
2020,9380,8,1,10.9,3,20,6.543,6.058,1.08
2020,11152,12,0,6.4,3,20,7.6,7.037,1.08
2020,10017,1,1,17.4,3,26,7.357,6.812,1.08
2020,10124,3,0,20.4,6,23,9.365,8.672,1.08
2020,10220,1,0,11.8,5,20,6.951,6.437,1.08
2020,10738,3,1,20.6,4,21,7.911,7.325,1.08
2020,7465,17,0,12.4,2,27,8.178,7.572,1.08
2020,8813,4,1,10.5,5,21,6.322,5.854,1.08
2020,10273,9,0,9.5,6,20,7.355,6.81,1.08
2020,9909,17,1,18.5,2,20,8.765,8.116,1.08
2020,8347,9,0,8.9,4,20,6.895,6.384,1.08
2020,10542,4,1,14.9,2,20,7.069,6.545,1.08
2020,7572,16,2,9.8,3,18,6.777,6.275,1.08
2020,6442,12,0,10.2,6,19,7.371,6.825,1.08
2020,10237,16,1,16.1,3,20,8.304,7.689,1.08
2020,6504,8,0,10.5,1,24,6.702,6.205,1.08
2020,10200,11,1,10.4,3,21,7.254,6.717,1.08
2020,4613,13,0,16.5,7,21,8.3,7.685,1.08
2020,7688,13,1,18.4,6,26,9.67,8.954,1.08
2020,8681,7,1,14.6,1,26,7.125,6.597,1.08
2020,5483,4,2,9.4,3,21,5.256,4.866,1.08
2020,8568,13,1,10.0,7,20,7.227,6.692,1.08
2020,12463,8,1,12.3,4,19,7.262,6.724,1.08
2020,6324,6,1,13.3,3,24,6.45,5.972,1.08
2020,8637,7,2,8.0,1,21,6.434,5.957,1.08
2020,13757,13,2,14.9,6,21,8.571,7.936,1.08
2020,6845,13,0,12.3,4,20,8.15,7.546,1.08
2020,12993,10,2,5.1,6,20,6.952,6.437,1.08
2020,8802,13,1,8.3,6,23,6.888,6.378,1.08
2020,9755,7,2,10.0,2,18,6.542,6.057,1.08
2020,12729,2,2,11.7,5,25,6.974,6.457,1.08
2020,8287,17,0,19.6,4,20,9.333,8.642,1.08
2020,11078,2,1,13.0,6,22,6.758,6.258,1.08
2020,11711,12,0,8.6,4,18,7.732,7.159,1.08
2020,7873,11,0,12.9,4,22,7.854,7.273,1.08
2020,7596,14,0,10.6,2,21,7.488,6.933,1.08
2020,8928,17,1,13.3,5,22,8.451,7.825,1.08
2020,9007,4,0,14.3,5,26,7.812,7.234,1.08
2020,6803,6,0,16.8,3,23,7.709,7.138,1.08
2020,7896,10,1,11.9,4,20,6.965,6.449,1.08
2020,1500,10,0,18.6,5,20,7.869,7.286,1.08
2020,8664,14,0,15.6,6,24,9.405,8.709,1.08
2020,11736,9,0,9.2,5,26,7.907,7.322,1.08
2020,5333,14,1,20.8,7,23,8.83,8.176,1.08
2020,8342,12,1,13.3,5,24,8.097,7.497,1.08
2020,15606,13,0,8.7,2,24,8.647,8.006,1.08
2020,9444,16,2,18.6,7,26,10.03,9.287,1.08
2020,12892,12,1,20.3,1,16,8.773,8.123,1.08
2020,6970,9,0,11.9,5,24,8.043,7.447,1.08
2020,10622,0,0,10.0,6,25,7.082,6.557,1.08
2020,6544,0,1,11.3,4,18,5.52,5.111,1.08
2020,10503,14,1,14.9,4,19,8.045,7.449,1.08
2020,11606,15,0,17.1,4,19,9.397,8.701,1.08
2020,11012,11,0,14.3,1,20,8.17,7.565,1.08
2020,8638,5,2,12.4,6,21,6.768,6.266,1.08
2020,10187,5,0,18.0,3,23,8.737,8.09,1.08
2020,10211,11,1,10.7,3,25,8.284,7.67,1.08
2020,11165,14,2,16.1,5,25,8.594,7.958,1.08
2020,9191,3,1,10.8,5,19,6.119,5.666,1.08
2020,11828,3,0,13.7,3,19,7.382,6.836,1.08
2020,13087,1,1,11.5,2,26,6.628,6.137,1.08
2020,8705,11,0,11.8,3,24,7.643,7.077,1.08
2020,9616,6,1,10.5,3,22,6.763,6.262,1.08
2020,7238,8,1,17.4,4,23,7.416,6.867,1.08
2020,10351,8,2,9.1,1,22,6.632,6.141,1.08
2020,10367,7,2,9.0,6,24,6.656,6.163,1.08
2020,9645,13,2,20.5,6,21,9.01,8.343,1.08
2020,9833,0,2,15.9,5,23,7.322,6.78,1.08
2020,14305,11,1,2.5,5,17,6.602,6.113,1.08
2020,2283,1,1,9.7,3,20,4.479,4.147,1.08
2020,8258,12,1,4.8,1,20,5.987,5.544,1.08
2020,8641,3,1,8.2,1,21,5.696,5.274,1.08
2020,13142,17,2,1.0,3,19,6.275,5.81,1.08
2020,10688,15,0,11.5,1,20,8.04,7.444,1.08
2020,10749,13,2,7.4,4,17,6.675,6.181,1.08
2020,12650,7,2,12.2,1,24,7.208,6.674,1.08
2020,9050,11,2,5.5,4,22,6.204,5.744,1.08
2020,11131,8,2,12.3,5,17,6.968,6.452,1.08
2020,8173,5,0,10.3,7,19,7.688,7.118,1.08
2020,6867,17,0,18.0,7,23,9.657,8.942,1.08
2020,13985,1,0,17.6,4,20,8.459,7.832,1.08
2020,10423,7,0,15.1,3,20,8.264,7.652,1.08
2020,11112,13,1,10.7,3,22,7.561,7.001,1.08
2020,6800,5,2,19.9,5,23,7.555,6.995,1.08
2020,10776,9,2,5.8,7,18,6.256,5.793,1.08
2020,13946,7,1,6.4,2,24,6.86,6.352,1.08
2020,8806,16,0,11.7,5,20,8.586,7.95,1.08
2020,6361,11,0,21.0,7,22,9.013,8.346,1.08
2020,9960,16,0,11.2,4,22,8.382,7.761,1.08
2020,6910,12,1,11.3,2,20,6.69,6.195,1.08
2020,5606,11,1,6.2,5,19,5.621,5.204,1.08
2020,7663,15,0,15.8,5,21,8.705,8.06,1.08
2020,8269,4,0,15.8,3,27,7.799,7.221,1.08
2020,7032,15,0,15.2,8,18,8.636,7.997,1.08
2020,12816,5,1,9.5,2,27,6.849,6.341,1.08
2020,14224,10,1,9.2,4,21,7.692,7.122,1.08
2020,11045,16,1,6.8,4,22,7.709,7.138,1.08
2020,10460,13,1,12.3,6,19,7.59,7.028,1.08
2020,9145,5,2,7.7,4,20,6.064,5.615,1.08
2020,7259,10,0,7.3,1,20,6.333,5.864,1.08
2020,13507,11,1,10.3,2,19,7.577,7.016,1.08
2020,9343,12,1,10.0,6,21,7.387,6.84,1.08
2020,8344,3,1,9.8,5,21,6.173,5.716,1.08
2020,12037,6,2,13.9,8,28,7.92,7.333,1.08
2020,9316,1,1,12.3,4,19,6.219,5.758,1.08
2020,11943,5,1,10.8,4,22,7.188,6.655,1.08
2020,8476,5,0,12.7,4,23,7.15,6.621,1.08
2020,12044,17,1,8.0,3,19,7.817,7.238,1.08
2020,11949,7,0,12.4,3,24,7.891,7.306,1.08
2020,12812,7,0,12.6,7,21,8.449,7.823,1.08
2020,7726,7,1,6.0,3,15,5.381,4.982,1.08
2020,9292,7,1,16.0,3,24,7.414,6.865,1.08
2020,14369,0,0,8.5,6,19,7.33,6.787,1.08
2020,8884,1,1,12.4,3,19,6.93,6.417,1.08
2020,11528,11,1,16.7,3,24,8.631,7.992,1.08
2020,15226,14,0,15.7,2,21,9.652,8.937,1.08
2020,4877,3,1,12.1,5,25,6.123,5.67,1.08
2020,8801,2,1,10.6,5,26,6.231,5.77,1.08
2020,9505,13,1,15.8,6,20,8.119,7.517,1.08
2020,5003,7,1,14.7,3,24,6.597,6.108,1.08
2020,8360,12,0,9.5,6,20,7.586,7.024,1.08
2020,7072,4,1,8.8,2,29,5.986,5.543,1.08
2020,11644,12,2,3.7,4,20,6.557,6.072,1.08
2020,5168,0,1,12.6,9,25,6.126,5.672,1.08
2020,14223,15,0,11.7,4,25,9.193,8.512,1.08
2020,11225,1,1,16.5,4,23,7.702,7.131,1.08
2020,6865,6,2,13.4,1,20,6.438,5.961,1.08
2020,12066,5,0,17.3,1,22,8.648,8.008,1.08
2020,10992,4,2,9.2,4,16,6.484,6.004,1.08
2020,9403,3,2,16.6,2,23,6.952,6.437,1.08
2020,7696,1,0,9.9,4,23,6.39,5.917,1.08
2020,10869,9,2,15.1,2,22,7.95,7.361,1.08
2020,9807,4,1,6.2,3,13,5.257,4.867,1.08
2020,7777,17,2,12.9,4,18,7.849,7.268,1.08
2020,6142,9,1,4.1,4,20,5.126,4.746,1.08
2020,7374,14,1,10.9,4,23,7.298,6.757,1.08
2020,8242,8,1,13.8,4,23,7.008,6.489,1.08
2020,12406,10,2,9.9,4,21,7.544,6.986,1.08
2020,11652,16,0,7.8,6,24,8.251,7.64,1.08
2020,8375,8,1,15.4,5,19,7.692,7.122,1.08
2020,8472,15,0,11.6,4,24,8.574,7.939,1.08
2020,11978,5,0,10.0,6,23,7.758,7.184,1.08
2020,10168,10,0,12.2,2,23,8.124,7.522,1.08
2020,10134,16,1,22.5,6,21,9.575,8.865,1.08
2020,7742,3,0,16.6,4,27,8.068,7.47,1.08
2020,9191,14,0,16.7,2,23,9.071,8.399,1.08
2020,9511,0,0,13.7,10,19,7.449,6.897,1.08
2020,9272,0,0,12.7,4,23,6.935,6.421,1.08
2020,11335,8,1,2.4,5,24,5.848,5.415,1.08
2020,11413,11,2,9.3,6,20,7.8,7.223,1.08
2020,7203,3,0,10.1,5,25,6.534,6.05,1.08
2020,8249,12,2,4.5,2,23,6.092,5.64,1.08
2020,7782,6,1,7.4,1,15,5.086,4.709,1.08
2020,12971,7,1,4.1,4,23,6.411,5.936,1.08
2020,15134,12,1,11.8,4,21,8.428,7.803,1.08
2020,8341,10,2,15.3,7,24,8.31,7.694,1.08
2020,9082,8,0,16.4,2,25,8.452,7.826,1.08
2020,11606,15,1,13.7,1,23,7.891,7.306,1.08
2020,7732,9,1,8.1,6,27,6.455,5.977,1.08
2020,11662,10,1,4.3,3,21,6.042,5.594,1.08
2020,9448,11,2,5.0,1,24,6.002,5.557,1.08
2020,5141,13,0,6.9,3,24,6.724,6.226,1.08
2020,6249,11,1,8.4,4,22,6.402,5.928,1.08
2020,8655,17,1,11.4,1,24,7.415,6.865,1.08
2020,12557,16,1,7.9,3,20,7.398,6.85,1.08
2020,7269,2,0,13.4,5,21,6.766,6.265,1.08
2020,8165,0,1,11.1,1,18,5.416,5.015,1.08
2020,10028,3,2,12.0,2,23,6.355,5.884,1.08
2020,5328,15,1,16.6,5,23,7.959,7.369,1.08
2020,10246,11,2,7.3,7,26,7.061,6.538,1.08
2020,5641,12,1,13.7,6,24,7.614,7.05,1.08
2020,10918,16,0,11.9,1,21,8.43,7.805,1.08
2020,7478,7,0,10.7,2,18,6.526,6.043,1.08
2020,7145,12,0,15.5,2,23,8.107,7.507,1.08
2020,10182,4,1,15.5,2,25,7.174,6.643,1.08
2020,11485,17,0,8.2,8,24,8.657,8.015,1.08
2020,10441,14,1,11.3,7,25,8.036,7.441,1.08
2020,10019,11,1,13.1,2,21,7.551,6.992,1.08
2020,10055,16,0,10.9,2,21,8.181,7.575,1.08
2020,10456,14,0,14.3,4,20,8.844,8.189,1.08
2020,10620,1,0,13.1,7,22,7.446,6.894,1.08
2020,8514,5,1,19.3,8,22,8.23,7.621,1.08
2020,11136,16,0,5.9,3,23,7.691,7.122,1.08
2020,7505,15,0,11.5,4,22,8.216,7.607,1.08
2020,12228,16,2,8.4,2,22,8.152,7.548,1.08
2020,11456,8,2,14.4,3,20,7.795,7.217,1.08
2020,14952,4,0,5.5,3,25,6.85,6.343,1.08
2020,10785,0,1,13.4,7,22,6.981,6.463,1.08
2020,11773,5,1,9.5,2,21,6.827,6.321,1.08
2020,5599,13,2,9.1,6,20,7.287,6.747,1.08
2020,11854,16,1,6.2,2,18,6.908,6.396,1.08
2020,12441,0,0,10.1,2,26,6.803,6.299,1.08
2020,13262,0,1,16.3,3,24,7.939,7.351,1.08
2020,9801,12,1,11.9,7,17,7.46,6.907,1.08
2020,8645,13,0,14.5,3,24,8.648,8.008,1.08
2020,6776,5,1,18.7,2,25,7.154,6.624,1.08
2020,7005,5,1,13.1,6,22,6.665,6.171,1.08
2020,9436,0,0,9.8,1,27,6.619,6.128,1.08
2020,5121,13,0,13.9,2,23,7.774,7.198,1.08
2020,7579,2,1,9.8,3,18,5.357,4.96,1.08
2020,9724,9,0,10.0,3,23,7.695,7.125,1.08
2020,9668,3,2,5.9,1,23,5.384,4.986,1.08
2020,7077,9,0,15.7,4,20,7.941,7.353,1.08
2020,6415,1,0,10.5,5,24,7.17,6.639,1.08
2020,6789,3,1,12.7,3,17,5.862,5.428,1.08
2020,8948,5,2,7.9,1,25,5.955,5.514,1.08
2020,14824,6,2,13.7,4,19,7.678,7.109,1.08
2020,12151,15,1,9.0,5,19,7.395,6.847,1.08
2020,10035,6,0,11.4,5,22,7.438,6.887,1.08
2020,10885,17,1,15.5,1,23,8.618,7.98,1.08
2020,12040,8,1,15.2,7,22,8.037,7.442,1.08
2020,11189,9,0,11.9,4,20,8.04,7.444,1.08
2020,8729,12,2,4.9,1,20,5.71,5.287,1.08
2020,7386,17,0,24.0,8,19,10.706,9.913,1.08
2020,9187,15,2,19.0,3,21,8.531,7.899,1.08
2020,12011,16,2,14.9,1,25,8.701,8.056,1.08
2020,8824,12,1,9.0,2,22,7.266,6.727,1.08
2020,6738,11,2,11.5,7,25,7.681,7.112,1.08
2020,5191,9,1,9.8,4,26,6.34,5.87,1.08
2020,9197,0,0,17.1,4,20,7.551,6.992,1.08
2020,6936,7,1,13.1,3,21,7.3,6.759,1.08
2020,8409,17,0,8.9,2,29,8.51,7.88,1.08
2020,13141,1,1,10.1,5,26,7.142,6.613,1.08
2020,9365,15,1,16.5,2,17,7.956,7.367,1.08
2021,15565,9,1,14.9,2,19,8.958,7.68,1.1664
2021,10421,0,1,18.8,3,18,8.598,7.372,1.1664
2021,11943,15,1,6.0,5,20,7.469,6.403,1.1664
2021,9949,3,1,10.9,3,21,7.102,6.089,1.1664
2021,9376,8,1,16.5,5,21,8.206,7.036,1.1664
2021,8871,17,1,7.8,3,22,8.17,7.005,1.1664
2021,8976,16,1,14.3,9,26,9.637,8.262,1.1664
2021,11021,14,0,6.8,3,22,8.21,7.039,1.1664
2021,10418,6,2,13.6,1,25,7.529,6.455,1.1664
2021,9421,17,2,12.3,1,24,8.503,7.29,1.1664
2021,13274,5,0,24.0,1,20,10.242,8.781,1.1664
2021,2083,11,1,15.0,5,24,7.49,6.422,1.1664
2021,10775,2,2,3.3,4,24,5.549,4.757,1.1664
2021,11294,0,0,11.7,2,22,7.363,6.312,1.1664
2021,12367,4,1,15.3,9,23,8.577,7.353,1.1664
2021,9338,0,0,10.3,3,22,7.302,6.26,1.1664
2021,10020,7,1,10.2,3,19,7.386,6.332,1.1664
2021,11965,6,2,10.4,3,29,8.093,6.938,1.1664
2021,13228,14,1,14.2,5,25,9.52,8.162,1.1664
2021,8749,10,1,7.0,3,24,6.838,5.862,1.1664
2021,10167,17,2,9.8,3,21,8.541,7.323,1.1664
2021,13696,13,1,16.1,4,22,9.99,8.565,1.1664
2021,4190,8,1,10.1,1,18,6.107,5.236,1.1664
2021,7775,4,1,9.8,6,23,6.528,5.597,1.1664
2021,13165,3,1,6.5,6,23,6.751,5.788,1.1664
2021,12231,11,2,14.6,8,21,8.92,7.647,1.1664
2021,10806,0,2,13.7,1,22,7.333,6.287,1.1664
2021,8379,12,2,15.9,2,21,8.093,6.939,1.1664
2021,7295,0,1,11.5,2,21,5.815,4.985,1.1664
2021,8022,2,0,13.3,3,20,7.431,6.371,1.1664
2021,13370,7,2,13.2,1,19,7.892,6.766,1.1664
2021,7929,17,1,6.3,3,20,6.92,5.933,1.1664
2021,9754,15,2,21.4,3,20,10.286,8.819,1.1664
2021,7616,15,0,15.9,2,25,9.206,7.893,1.1664
2021,11607,1,2,12.3,2,20,7.089,6.078,1.1664
2021,8153,16,0,11.1,1,16,8.276,7.095,1.1664
2021,9256,9,0,17.3,2,23,9.189,7.878,1.1664
2021,5292,6,1,12.4,6,24,7.524,6.45,1.1664
2021,5467,9,1,15.7,4,25,7.901,6.773,1.1664
2021,9519,8,0,9.7,5,22,7.746,6.641,1.1664
2021,6187,16,1,8.5,5,19,7.284,6.245,1.1664
2021,14763,8,1,11.4,5,20,8.784,7.53,1.1664
2021,4346,8,0,12.0,2,24,7.447,6.385,1.1664
2021,7500,4,0,13.7,9,26,8.625,7.394,1.1664
2021,9542,6,2,17.9,2,19,8.149,6.986,1.1664
2021,8587,10,0,16.4,5,23,9.878,8.468,1.1664
2021,6740,7,0,17.3,7,20,8.668,7.431,1.1664
2021,7105,13,1,9.1,5,20,7.353,6.304,1.1664
2021,7023,1,1,10.8,3,22,5.873,5.035,1.1664
2021,8783,9,2,15.9,2,22,8.467,7.259,1.1664
2021,14380,15,2,16.9,11,16,10.285,8.818,1.1664
2021,9695,15,2,15.0,5,23,8.86,7.596,1.1664
2021,12457,10,0,9.7,5,23,8.871,7.606,1.1664
2021,10767,5,1,7.8,9,24,7.361,6.311,1.1664
2021,12285,5,1,12.9,3,20,7.571,6.491,1.1664
2021,2500,6,0,8.4,7,17,6.23,5.342,1.1664
2021,8739,15,0,13.8,2,21,9.012,7.726,1.1664
2021,12768,12,1,17.0,7,24,9.804,8.405,1.1664
2021,8071,2,0,12.8,2,22,7.441,6.379,1.1664
2021,13906,8,2,6.8,6,25,7.742,6.637,1.1664
2021,13210,2,2,10.0,4,18,7.374,6.322,1.1664
2021,8327,5,0,15.5,1,24,8.034,6.888,1.1664
2021,8242,16,0,13.9,4,23,9.897,8.485,1.1664
2021,6966,2,2,14.2,6,21,7.044,6.039,1.1664
2021,7926,1,1,19.1,1,25,7.51,6.439,1.1664
2021,6419,11,2,13.4,5,23,7.749,6.644,1.1664
2021,10572,5,1,13.3,3,19,8.093,6.938,1.1664
2021,5860,9,2,15.4,3,25,7.601,6.517,1.1664
2021,11009,10,1,7.3,6,21,7.756,6.65,1.1664
2021,11070,15,0,10.2,7,22,9.551,8.188,1.1664
2021,5347,15,0,9.0,3,19,8.102,6.946,1.1664
2021,13375,17,1,14.6,5,22,9.82,8.419,1.1664
2021,10784,8,2,8.3,2,19,6.59,5.649,1.1664
2021,11374,1,0,14.3,5,21,8.383,7.187,1.1664
2021,7603,0,1,11.1,2,22,5.822,4.992,1.1664
2021,11056,15,0,10.6,4,24,8.97,7.69,1.1664
2021,12316,17,2,15.6,3,18,9.771,8.377,1.1664
2021,9253,2,2,6.7,4,25,6.833,5.858,1.1664
2021,14505,0,1,10.0,1,25,6.813,5.841,1.1664
2021,9610,5,0,23.7,1,21,9.818,8.418,1.1664
2021,12352,10,0,19.4,3,22,10.155,8.706,1.1664
2021,10233,7,1,4.7,4,23,6.393,5.481,1.1664
2021,10964,4,1,10.0,4,22,6.994,5.996,1.1664
2021,5322,8,0,12.3,2,24,7.453,6.39,1.1664
2021,10428,14,2,6.4,1,21,7.36,6.31,1.1664
2021,7663,13,1,20.1,7,20,9.679,8.298,1.1664
2021,7384,3,1,12.1,2,23,6.672,5.72,1.1664
2021,13860,7,0,11.3,5,17,8.941,7.666,1.1664
2021,8966,16,0,13.5,8,24,9.83,8.428,1.1664
2021,6992,1,1,13.5,3,24,6.835,5.86,1.1664
2021,8602,15,1,8.6,4,20,7.319,6.275,1.1664
2021,6249,9,1,17.3,2,26,8.527,7.311,1.1664
2021,13085,1,2,12.6,5,21,7.443,6.381,1.1664
2021,7761,10,1,17.2,2,21,8.646,7.412,1.1664
2021,10823,9,0,9.7,3,20,8.11,6.953,1.1664
2021,12890,13,2,4.8,1,23,7.129,6.112,1.1664
2021,8250,10,1,17.7,3,21,8.744,7.496,1.1664
2021,10830,8,0,15.0,3,18,8.614,7.385,1.1664
2021,6925,6,0,16.7,5,23,9.027,7.739,1.1664
2021,15614,14,2,16.9,4,21,9.843,8.439,1.1664
2021,11841,16,2,12.1,3,25,8.789,7.535,1.1664
2021,9018,2,0,10.5,6,23,7.667,6.573,1.1664
2021,7568,14,1,11.6,3,23,7.672,6.578,1.1664
2021,9215,13,1,14.2,3,25,8.503,7.29,1.1664
2021,8650,7,2,13.1,5,22,7.725,6.623,1.1664
2021,14382,3,1,4.7,4,24,6.874,5.893,1.1664
2021,6436,9,2,11.5,5,20,7.261,6.225,1.1664
2021,9837,1,1,17.7,1,27,8.118,6.96,1.1664
2021,9454,13,0,12.0,4,23,9.185,7.874,1.1664
2021,9206,7,0,20.9,5,18,9.816,8.416,1.1664
2021,9228,9,0,8.2,6,22,7.93,6.798,1.1664
2021,9210,17,1,13.4,3,23,8.583,7.358,1.1664
2021,11683,14,2,8.1,3,22,8.126,6.967,1.1664
2021,11022,4,0,8.6,5,15,7.274,6.236,1.1664
2021,10547,12,1,8.6,1,20,7.162,6.14,1.1664
2021,1915,17,0,20.8,4,18,9.661,8.283,1.1664
2021,10249,1,2,11.0,4,18,7.179,6.154,1.1664
2021,5361,12,2,9.2,4,22,6.857,5.878,1.1664
2021,11116,13,0,12.0,4,20,9.074,7.78,1.1664
2021,13186,9,1,11.1,2,21,7.964,6.828,1.1664
2021,7184,3,0,15.2,5,19,7.657,6.565,1.1664
2021,8846,14,1,3.8,4,26,6.798,5.828,1.1664
2021,8002,7,0,8.2,1,22,7.279,6.241,1.1664
2021,12589,14,1,15.4,1,17,8.698,7.458,1.1664
2021,9738,13,1,10.0,5,24,8.201,7.031,1.1664
2021,13821,8,1,9.0,5,21,8.066,6.916,1.1664
2021,10534,2,0,8.8,4,26,7.24,6.207,1.1664
2021,10106,14,1,14.9,2,22,8.565,7.343,1.1664
2021,9671,16,1,14.7,6,20,9.17,7.862,1.1664
2021,11545,15,1,15.8,4,20,9.586,8.219,1.1664
2021,5156,3,0,7.3,1,21,6.191,5.308,1.1664
2021,9713,10,2,7.1,6,23,7.255,6.22,1.1664
2021,9325,7,1,16.5,6,20,8.406,7.207,1.1664
2021,11314,2,0,12.8,5,26,8.828,7.569,1.1664
2021,9031,13,0,9.6,5,23,8.235,7.06,1.1664
2021,6903,8,2,11.4,6,23,7.402,6.346,1.1664
2021,9518,2,0,7.1,3,22,6.712,5.755,1.1664
2021,6793,3,2,9.9,5,22,6.671,5.719,1.1664
2021,4687,3,1,12.6,2,18,6.498,5.571,1.1664
2021,11318,10,1,13.4,6,23,8.621,7.391,1.1664
2021,10948,15,1,11.7,4,28,8.622,7.392,1.1664
2021,10668,16,0,11.2,7,24,9.537,8.177,1.1664
2021,12757,9,0,14.9,9,23,10.244,8.783,1.1664
2021,7837,16,0,11.6,1,17,8.436,7.233,1.1664
2021,5922,15,2,10.2,2,25,7.88,6.756,1.1664
2021,9325,5,1,9.0,6,24,7.19,6.164,1.1664
2021,8631,6,1,4.9,5,26,6.12,5.247,1.1664
2021,7394,13,0,14.6,3,19,8.578,7.354,1.1664
2021,9300,10,1,17.9,3,21,8.521,7.305,1.1664
2021,7971,11,0,8.7,5,18,7.634,6.545,1.1664
2021,4910,13,0,6.9,9,17,7.444,6.382,1.1664
2021,8397,4,0,9.5,4,20,6.955,5.962,1.1664
2021,6659,4,1,13.2,7,23,7.329,6.283,1.1664
2021,10079,14,1,10.0,2,21,8.391,7.194,1.1664
2021,7860,0,1,9.9,3,20,5.88,5.041,1.1664
2021,12279,8,1,11.7,5,23,8.873,7.607,1.1664
2021,13510,2,2,12.4,2,12,6.975,5.98,1.1664
2021,11198,3,2,13.5,2,20,7.062,6.054,1.1664
2021,5622,15,1,10.8,5,23,7.571,6.491,1.1664
2021,13263,6,1,10.7,6,21,7.791,6.68,1.1664
2021,13439,13,2,4.3,4,26,7.535,6.46,1.1664
2021,9547,15,1,15.7,2,20,8.569,7.346,1.1664
2021,12807,17,1,13.0,5,20,10.023,8.593,1.1664
2021,8121,15,0,18.0,3,19,10.449,8.958,1.1664
2021,4834,15,2,14.0,5,20,7.884,6.76,1.1664
2021,7599,1,0,11.7,2,23,6.839,5.864,1.1664
2021,13823,9,0,6.1,3,24,8.223,7.05,1.1664
2021,5772,6,1,5.5,1,28,5.783,4.958,1.1664
2021,9499,14,2,16.2,5,24,9.15,7.845,1.1664
2021,9585,8,1,14.2,3,18,7.626,6.538,1.1664
2021,8218,6,2,17.9,4,26,8.706,7.464,1.1664
2021,8391,15,2,15.7,1,23,8.782,7.529,1.1664
2021,9681,2,1,10.5,4,22,6.751,5.788,1.1664
2021,8095,16,1,2.8,6,25,6.952,5.96,1.1664
2021,5945,7,1,14.4,8,29,7.851,6.731,1.1664
2021,10038,1,2,7.9,2,21,6.011,5.153,1.1664
2021,12183,2,1,11.3,3,20,6.981,5.985,1.1664
2021,11674,7,2,13.6,4,26,8.56,7.339,1.1664
2021,7476,1,0,9.5,6,30,7.295,6.254,1.1664
2021,6372,16,0,8.7,4,22,7.993,6.853,1.1664
2021,8790,4,0,10.8,2,22,7.325,6.28,1.1664
2021,13419,16,1,3.8,4,23,7.724,6.622,1.1664
2021,11114,9,2,7.9,6,23,7.702,6.603,1.1664
2021,11260,8,0,7.8,4,18,7.414,6.356,1.1664
2021,11725,5,0,11.1,1,23,7.924,6.794,1.1664
2021,10552,10,0,8.2,6,23,8.292,7.109,1.1664
2021,9802,1,1,9.9,9,23,6.905,5.92,1.1664
2021,11156,11,0,10.2,3,23,8.455,7.249,1.1664
2021,8135,11,0,20.5,6,22,10.173,8.721,1.1664
2021,5964,15,2,15.1,3,16,7.943,6.81,1.1664
2021,11307,11,1,11.5,3,20,7.762,6.654,1.1664
2021,12594,17,1,13.8,2,25,9.426,8.081,1.1664
2021,6704,12,1,15.7,5,25,8.339,7.149,1.1664
2021,11555,14,1,13.2,5,21,8.775,7.523,1.1664
2021,13702,15,0,7.9,1,19,8.717,7.473,1.1664
2021,9494,3,2,11.5,4,24,7.261,6.225,1.1664
2021,7455,11,1,8.1,3,23,6.622,5.677,1.1664
2021,9808,16,0,10.7,3,22,9.33,7.999,1.1664
2021,8124,0,0,11.4,1,25,6.748,5.785,1.1664
2021,7958,17,0,16.2,3,18,9.595,8.226,1.1664
2021,10583,15,2,8.8,1,25,8.387,7.191,1.1664
2021,5491,0,1,8.5,5,17,5.3,4.544,1.1664
2021,5890,9,1,9.1,6,20,6.657,5.707,1.1664
2021,9548,15,0,9.6,4,19,8.586,7.362,1.1664
2021,9444,13,2,10.7,4,20,7.626,6.538,1.1664
2021,10359,1,2,13.3,1,23,7.08,6.07,1.1664
2021,14188,5,1,8.9,6,24,7.65,6.559,1.1664
2021,9761,4,1,12.5,1,22,7.321,6.277,1.1664
2021,10995,11,2,12.5,3,18,7.731,6.628,1.1664
2021,7061,3,1,14.2,2,16,6.369,5.461,1.1664
2021,11420,3,1,11.2,3,25,7.446,6.384,1.1664
2021,8184,4,0,15.3,5,24,8.624,7.394,1.1664
2021,9679,6,2,13.5,2,25,7.49,6.421,1.1664
2021,9228,5,0,13.3,2,22,8.561,7.34,1.1664
2021,12082,12,0,9.8,6,24,9.235,7.917,1.1664
2021,6225,3,2,13.1,3,20,6.825,5.852,1.1664
2021,3792,12,1,13.4,4,23,7.646,6.556,1.1664
2021,8966,3,2,9.6,6,21,6.894,5.91,1.1664
2021,10671,9,1,16.8,3,20,8.601,7.374,1.1664
2021,9881,0,2,22.5,2,23,8.896,7.627,1.1664
2021,12581,7,1,9.4,7,23,8.304,7.119,1.1664
2021,10593,6,1,10.1,4,25,7.87,6.748,1.1664
2021,8090,4,0,10.2,4,18,7.211,6.182,1.1664
2021,3686,2,0,6.8,5,25,6.369,5.461,1.1664
2021,8907,14,1,8.5,3,22,7.606,6.521,1.1664
2021,12070,16,1,15.4,5,25,9.729,8.341,1.1664
2021,8520,12,0,11.7,5,25,8.569,7.347,1.1664
2021,9571,14,1,19.7,9,15,9.889,8.478,1.1664
2021,10553,13,0,10.8,1,25,8.718,7.474,1.1664
2021,6962,12,0,13.7,5,25,9.193,7.882,1.1664
2021,11058,11,1,8.4,3,18,7.293,6.253,1.1664
2021,13593,8,2,11.6,3,17,7.898,6.772,1.1664
2021,9068,2,0,12.4,2,24,7.426,6.367,1.1664
2021,6677,10,1,3.6,5,22,5.824,4.994,1.1664
2021,9333,9,2,8.7,2,20,6.71,5.753,1.1664
2021,3939,0,1,14.5,4,26,6.553,5.618,1.1664
2021,10342,16,1,14.3,5,23,9.526,8.167,1.1664
2021,10631,12,0,7.0,3,16,7.769,6.661,1.1664
2021,13689,13,1,10.6,4,19,8.266,7.087,1.1664
2021,9015,0,1,2.5,2,25,5.106,4.377,1.1664
2021,10521,1,1,12.0,10,22,7.476,6.409,1.1664
2021,7347,1,2,17.0,4,20,7.288,6.248,1.1664
2021,8609,6,1,17.2,2,23,8.253,7.076,1.1664
2021,5687,8,0,17.1,4,20,8.645,7.412,1.1664
2021,9013,3,2,14.1,3,18,6.833,5.858,1.1664
2021,8737,1,1,16.6,3,25,7.511,6.44,1.1664
2021,10248,4,2,11.2,1,26,6.806,5.835,1.1664
2021,7941,8,1,9.9,6,23,7.436,6.375,1.1664
2021,9708,12,0,16.6,2,17,9.318,7.989,1.1664
2021,8667,11,1,13.2,6,28,8.437,7.234,1.1664
2021,8671,8,1,4.8,6,27,6.635,5.688,1.1664
2021,9701,9,0,16.9,4,26,9.273,7.95,1.1664
2021,9601,9,1,11.1,4,23,7.799,6.686,1.1664
2021,11403,11,1,9.3,3,22,7.45,6.387,1.1664
2021,9198,13,1,15.9,6,23,9.156,7.85,1.1664
2021,8625,7,0,15.4,4,19,8.713,7.47,1.1664
2021,9048,15,1,8.2,6,20,7.729,6.627,1.1664
2021,7713,16,0,11.4,6,20,8.959,7.681,1.1664
2021,8600,3,1,8.4,2,24,6.169,5.289,1.1664
2021,14578,5,0,8.5,3,23,7.973,6.835,1.1664
2021,7218,11,0,1.0,7,19,6.516,5.587,1.1664
2021,8803,17,0,7.9,3,17,8.377,7.182,1.1664
2021,8531,6,0,11.3,8,23,8.301,7.117,1.1664
2021,8882,4,1,1.0,1,19,4.878,4.182,1.1664
2021,8672,9,2,6.5,7,18,6.557,5.621,1.1664
2021,10198,5,1,14.4,7,28,8.261,7.083,1.1664
2021,5225,13,1,6.4,6,29,7.054,6.048,1.1664
2021,12093,5,2,11.4,1,21,7.632,6.543,1.1664
2021,11081,13,2,5.4,8,17,7.262,6.226,1.1664
2021,6393,11,2,13.6,4,26,7.813,6.699,1.1664
2021,3827,11,0,10.7,2,23,7.286,6.246,1.1664
2021,7057,7,1,8.3,3,24,6.463,5.541,1.1664
2021,8893,9,2,1.4,4,20,5.689,4.877,1.1664
2021,15951,15,2,8.4,7,19,9.013,7.727,1.1664
2021,10858,7,1,14.7,5,21,8.238,7.062,1.1664
2021,4981,8,0,18.2,2,23,8.843,7.582,1.1664
2021,7776,12,2,11.1,8,20,7.779,6.669,1.1664
2021,9367,16,1,11.6,5,26,8.737,7.49,1.1664
2021,10134,16,1,9.3,3,17,7.722,6.621,1.1664
2021,6213,6,1,16.9,2,23,7.785,6.675,1.1664
2021,9163,0,1,11.0,5,22,6.871,5.891,1.1664
2021,7706,13,0,15.6,5,26,9.597,8.227,1.1664
2021,6741,16,0,13.0,5,19,8.921,7.649,1.1664
2021,10149,12,2,12.5,6,24,8.559,7.338,1.1664
2021,11435,1,1,7.9,8,23,7.109,6.095,1.1664
2021,11603,13,1,19.1,8,23,10.047,8.613,1.1664
2021,10936,0,2,17.9,4,19,7.921,6.791,1.1664
2021,8257,4,1,21.1,3,20,8.686,7.447,1.1664
2021,11286,6,0,7.6,3,21,7.398,6.342,1.1664
2021,10273,13,1,13.1,2,20,8.098,6.943,1.1664
2021,9835,13,0,8.8,3,26,9.01,7.725,1.1664
2021,7971,14,0,13.8,4,22,9.319,7.99,1.1664
2021,8258,4,1,13.2,4,24,7.106,6.092,1.1664
2021,9685,4,2,10.3,3,18,6.814,5.842,1.1664
2021,15600,1,1,11.1,6,16,7.407,6.351,1.1664
2021,10253,17,0,20.4,4,21,10.586,9.076,1.1664
2021,7972,8,1,11.5,4,18,7.827,6.71,1.1664
2021,7419,9,0,3.2,6,22,6.893,5.91,1.1664
2021,8271,17,1,9.9,5,19,8.489,7.278,1.1664
2021,14943,3,0,7.6,2,23,7.895,6.769,1.1664
2021,8502,7,2,8.3,4,20,7.056,6.049,1.1664
2021,11767,17,0,14.8,5,24,10.144,8.697,1.1664
2021,8560,16,0,15.6,4,19,9.328,7.998,1.1664
2021,10153,15,1,8.6,3,16,7.41,6.353,1.1664
2021,11479,17,0,9.8,1,25,9.041,7.751,1.1664
2021,8070,6,1,9.2,4,20,6.729,5.769,1.1664
2021,7897,0,2,18.1,4,26,7.803,6.69,1.1664
2021,13647,0,0,15.7,4,20,8.648,7.414,1.1664
2021,11961,17,1,14.7,3,20,9.428,8.083,1.1664
2021,11477,3,2,7.9,3,21,6.326,5.424,1.1664
2021,11468,3,1,5.2,2,20,5.64,4.835,1.1664
2021,10649,5,2,16.9,4,22,8.086,6.932,1.1664
2021,14544,2,0,19.7,4,23,10.147,8.7,1.1664
2021,9610,5,0,5.0,5,24,6.759,5.795,1.1664
2021,10943,12,0,21.0,4,22,11.367,9.745,1.1664
2021,5873,6,0,11.6,7,17,7.79,6.678,1.1664
2021,7438,3,1,12.7,3,27,6.831,5.857,1.1664
2021,6498,0,0,6.7,3,21,6.317,5.416,1.1664
2021,12685,5,1,4.9,5,21,7.304,6.262,1.1664
2021,3119,4,0,2.9,1,22,4.795,4.111,1.1664
2021,8494,12,2,16.1,1,21,8.386,7.189,1.1664
2021,2016,3,0,11.7,6,17,6.434,5.516,1.1664
2021,7422,5,0,13.8,1,24,8.146,6.984,1.1664
2021,8273,12,1,16.5,9,20,9.086,7.79,1.1664
2021,12962,4,0,11.6,2,21,8.299,7.115,1.1664
2021,10492,12,1,18.8,3,27,10.07,8.633,1.1664
2021,7417,9,1,8.7,5,25,6.84,5.864,1.1664
2021,12165,2,2,10.3,6,27,7.432,6.372,1.1664
2021,9545,12,1,8.4,5,20,7.469,6.403,1.1664
2021,9594,11,1,15.3,8,24,9.046,7.755,1.1664
2021,6493,3,2,16.5,4,23,7.388,6.334,1.1664
2021,7025,9,2,10.2,8,22,7.873,6.75,1.1664
2021,7437,2,1,6.4,3,20,5.394,4.624,1.1664
2021,9616,16,1,16.9,4,25,9.905,8.492,1.1664
2021,9695,8,1,8.5,5,20,7.047,6.042,1.1664
2021,13360,0,1,10.4,5,22,7.028,6.025,1.1664
2021,10463,17,2,7.7,6,25,8.194,7.025,1.1664
2021,2731,8,1,13.1,3,19,6.466,5.543,1.1664
2021,10157,8,0,8.9,1,19,7.293,6.252,1.1664
2021,5875,1,0,14.8,5,30,8.229,7.055,1.1664
2021,7085,15,0,9.8,3,19,7.913,6.784,1.1664
2021,7470,2,0,14.2,5,27,8.274,7.093,1.1664
2021,7842,15,0,8.3,3,22,8.121,6.963,1.1664
2021,6062,12,1,16.9,1,21,8.195,7.026,1.1664
2021,10009,2,0,10.0,2,21,7.156,6.135,1.1664
2021,5973,9,1,12.4,2,22,7.036,6.032,1.1664
2021,10392,17,0,7.2,2,26,9.149,7.844,1.1664
2021,15092,5,0,11.9,2,24,8.695,7.454,1.1664
2021,6177,5,1,7.4,5,21,6.08,5.213,1.1664
2021,8789,17,2,11.8,9,16,8.991,7.708,1.1664
2021,3191,5,1,8.2,5,22,5.551,4.759,1.1664
2021,8748,5,1,11.4,5,22,6.872,5.891,1.1664
2021,11107,12,1,13.9,1,26,8.358,7.166,1.1664
2021,11302,13,0,6.5,2,18,7.681,6.586,1.1664
2021,9693,6,1,11.8,3,21,7.594,6.511,1.1664
2021,11723,12,0,13.6,4,20,9.155,7.849,1.1664
2021,15865,14,1,13.6,6,22,9.773,8.379,1.1664
2021,13781,11,1,19.7,6,22,10.641,9.123,1.1664
2021,8194,0,1,9.0,4,23,6.162,5.283,1.1664
2021,5872,2,0,12.0,4,16,6.611,5.668,1.1664
2021,8485,17,2,19.0,4,23,10.196,8.741,1.1664
2021,7133,7,0,6.5,5,23,6.868,5.889,1.1664
2021,10628,1,0,2.8,7,22,6.71,5.752,1.1664
2021,6547,3,0,14.1,5,21,7.814,6.7,1.1664
2021,9318,17,1,16.2,3,12,8.629,7.398,1.1664
2021,11595,12,0,3.6,7,24,7.758,6.651,1.1664
2021,9248,14,1,10.7,4,19,7.645,6.554,1.1664
2021,7134,1,2,7.9,6,24,5.989,5.134,1.1664
2021,12437,9,0,13.2,4,26,9.251,7.931,1.1664
2021,4803,1,1,11.9,3,17,5.715,4.9,1.1664
2021,8681,11,0,17.2,2,24,9.253,7.933,1.1664
2021,9396,4,1,6.6,1,18,5.896,5.055,1.1664
2021,9540,11,0,13.5,2,22,9.04,7.75,1.1664
2021,9951,0,2,14.5,4,22,6.964,5.97,1.1664
2021,11026,1,1,12.2,8,24,7.763,6.656,1.1664
2021,9411,15,2,4.0,3,24,7.117,6.102,1.1664
2021,8580,1,0,13.7,3,23,7.974,6.836,1.1664
2021,8481,15,2,9.1,5,17,8.581,7.357,1.1664
2021,7971,15,2,5.0,6,14,7.011,6.011,1.1664
2021,11469,5,1,13.5,5,25,8.179,7.012,1.1664
2021,7884,12,2,15.1,5,24,8.331,7.142,1.1664
2021,11617,11,0,9.5,4,19,9.17,7.861,1.1664
2021,9547,9,1,15.3,5,23,8.49,7.279,1.1664
2021,8197,4,1,15.4,2,21,7.561,6.482,1.1664
2021,11046,7,1,11.9,3,25,7.667,6.573,1.1664
2021,7681,5,2,14.4,2,22,7.355,6.305,1.1664
2021,11095,4,0,15.9,3,25,8.831,7.571,1.1664
2021,10032,5,0,14.1,5,20,8.428,7.226,1.1664
2021,8009,16,0,2.9,4,23,7.426,6.367,1.1664
2021,10822,5,2,1.9,1,21,5.656,4.849,1.1664
2021,10866,16,2,16.3,2,20,8.972,7.692,1.1664
2021,12394,4,1,9.2,4,15,6.862,5.883,1.1664
2021,11915,16,1,10.0,7,25,8.912,7.641,1.1664
2021,10728,16,1,19.6,3,27,10.162,8.713,1.1664
2021,6681,12,1,9.1,5,18,7.083,6.073,1.1664
2021,15621,6,0,11.4,6,24,9.354,8.019,1.1664
2021,5991,5,1,12.0,1,24,6.498,5.571,1.1664
2021,11873,13,1,11.1,4,20,8.029,6.884,1.1664
2021,10578,15,1,17.4,2,20,9.553,8.19,1.1664
2021,6565,2,0,10.5,4,26,6.997,5.999,1.1664
2021,9189,8,2,14.9,4,25,8.296,7.112,1.1664
2021,9303,14,2,12.3,1,23,8.285,7.103,1.1664
2021,12764,17,1,15.9,6,20,10.032,8.601,1.1664
2021,7717,9,1,6.5,6,25,7.291,6.251,1.1664
2021,8845,9,1,3.0,1,19,5.97,5.118,1.1664
2021,3660,2,1,12.1,6,26,6.476,5.552,1.1664
2021,13837,0,1,8.6,5,27,7.064,6.056,1.1664
2021,6824,2,2,17.9,2,26,7.511,6.439,1.1664
2021,10317,4,1,11.7,2,23,7.167,6.144,1.1664
2021,9246,6,1,12.9,4,14,7.644,6.553,1.1664
2021,9255,2,1,10.8,6,21,6.951,5.959,1.1664
2021,11525,3,1,9.4,5,27,7.225,6.194,1.1664
2021,13678,16,2,12.2,1,25,8.975,7.695,1.1664
2021,10129,2,1,16.1,5,23,8.418,7.217,1.1664
2021,11138,3,2,10.7,5,20,6.884,5.902,1.1664
2021,10322,1,1,10.5,3,25,6.884,5.902,1.1664
2021,12044,13,2,15.2,4,17,9.175,7.866,1.1664
2021,8343,4,2,5.3,4,21,5.652,4.846,1.1664
2021,12188,1,0,16.8,5,27,8.909,7.638,1.1664
2021,12276,14,2,8.8,3,20,7.927,6.796,1.1664
2021,12206,10,1,15.8,2,24,8.911,7.64,1.1664
2021,7850,9,2,13.2,3,17,7.233,6.202,1.1664
2021,9079,0,1,3.7,3,20,5.363,4.598,1.1664
2021,10099,13,0,12.0,7,23,9.45,8.102,1.1664
2021,6073,13,1,17.3,5,23,8.835,7.575,1.1664
2021,13487,0,1,10.8,3,28,7.833,6.715,1.1664
2021,9469,8,2,11.2,3,20,7.659,6.566,1.1664
2021,10210,16,1,8.9,4,24,8.586,7.361,1.1664
2021,8057,13,1,16.8,5,24,9.099,7.801,1.1664
2021,6183,12,1,10.1,5,20,6.938,5.948,1.1664
2021,7990,12,1,19.2,1,25,8.916,7.644,1.1664
2021,10048,5,0,16.6,4,24,8.938,7.663,1.1664
2021,11184,6,0,17.3,4,21,9.739,8.35,1.1664
2021,9904,1,0,12.3,4,23,7.435,6.374,1.1664
2021,10367,7,0,10.1,3,19,7.714,6.613,1.1664
2021,8657,5,0,13.9,8,19,8.164,7.0,1.1664
2021,10741,2,0,18.2,2,22,8.773,7.521,1.1664
2021,13207,17,2,19.1,3,24,10.19,8.736,1.1664
2021,11262,17,0,4.6,4,21,8.164,6.999,1.1664
2021,11524,5,0,22.8,6,20,10.335,8.861,1.1664
2021,10235,10,0,13.0,2,21,8.645,7.412,1.1664
2021,5742,2,1,15.1,4,24,7.385,6.331,1.1664
2021,6888,15,1,8.4,6,18,7.776,6.666,1.1664
2021,10637,4,0,8.1,1,25,7.051,6.045,1.1664
2021,9473,1,1,6.2,4,24,6.389,5.478,1.1664
2021,10600,14,1,18.8,3,18,9.484,8.131,1.1664
2021,13691,15,1,9.2,3,21,8.715,7.472,1.1664
2021,11315,6,1,11.6,4,24,7.464,6.399,1.1664
2021,12647,15,1,10.8,8,16,9.242,7.924,1.1664
2021,9737,3,0,7.9,6,19,7.219,6.189,1.1664
2021,7482,15,1,11.2,3,17,7.372,6.32,1.1664
2021,9355,16,2,12.4,4,20,8.464,7.256,1.1664
2021,7488,1,1,17.0,2,25,7.255,6.22,1.1664
2021,13396,15,0,7.8,2,24,8.893,7.624,1.1664
2021,11476,3,2,9.7,6,20,7.706,6.607,1.1664
2021,10801,6,1,14.2,2,25,7.714,6.614,1.1664
2021,12590,17,0,12.2,5,24,10.014,8.586,1.1664
2021,4450,5,1,12.3,2,26,6.253,5.361,1.1664
2021,10970,17,1,8.1,3,22,7.936,6.804,1.1664
2021,6223,6,2,15.1,10,24,8.615,7.386,1.1664
2021,9482,1,1,17.7,3,30,8.517,7.302,1.1664
2021,8721,8,0,17.3,4,21,9.085,7.789,1.1664
2021,11154,3,1,11.2,4,22,7.38,6.328,1.1664
2021,10070,13,2,1.7,7,22,6.945,5.954,1.1664
2021,12863,4,0,12.9,11,22,9.687,8.305,1.1664
2021,7995,6,2,12.4,2,24,6.869,5.889,1.1664
2021,11273,7,1,7.9,6,22,7.15,6.13,1.1664
2021,9906,14,2,8.7,8,18,7.722,6.62,1.1664
2021,5412,10,1,8.0,4,22,6.191,5.308,1.1664
2021,7203,3,1,13.1,4,20,6.685,5.731,1.1664
2021,9125,17,1,8.7,2,17,7.567,6.487,1.1664
2021,12281,13,2,12.7,5,25,9.133,7.83,1.1664
2021,10659,5,0,21.5,4,20,9.625,8.251,1.1664
2021,6581,15,1,11.3,3,23,7.542,6.466,1.1664
2021,9149,17,0,7.4,5,13,8.499,7.286,1.1664
2021,14545,0,0,6.2,8,23,7.484,6.416,1.1664
2021,9778,7,2,13.3,4,21,7.475,6.408,1.1664
2021,8682,0,0,20.0,4,17,8.526,7.31,1.1664
2021,10729,0,2,8.4,3,20,6.546,5.612,1.1664
2021,11408,9,1,3.4,4,20,6.608,5.666,1.1664
2021,8360,17,2,18.8,3,24,10.072,8.635,1.1664
2021,10756,11,0,22.1,5,22,10.76,9.225,1.1664
2021,8678,16,0,15.0,5,17,9.93,8.513,1.1664
2021,11298,0,0,13.7,3,23,7.979,6.841,1.1664
2021,9924,7,2,12.3,2,16,7.205,6.177,1.1664
2021,10705,9,1,14.7,6,19,8.429,7.227,1.1664
2021,7602,9,0,14.5,9,22,9.002,7.718,1.1664
2021,7447,17,2,13.1,2,20,8.307,7.122,1.1664
2021,11864,8,2,8.2,4,26,7.399,6.344,1.1664
2021,9302,1,2,13.1,2,23,6.8,5.83,1.1664
2021,10213,2,0,11.6,5,24,7.838,6.719,1.1664
2021,8734,1,1,8.8,4,24,6.392,5.48,1.1664
2021,11747,5,1,13.1,6,21,8.081,6.928,1.1664
2021,7980,11,1,10.1,4,19,7.812,6.698,1.1664
2021,9161,14,0,12.3,10,22,9.364,8.028,1.1664
2021,11465,11,0,13.8,3,25,9.661,8.283,1.1664
2021,12432,17,2,14.4,5,21,9.373,8.035,1.1664
2021,8191,15,0,10.2,4,24,8.824,7.565,1.1664
2021,14399,1,1,13.8,3,22,7.838,6.72,1.1664
2021,10283,10,1,14.7,4,17,7.995,6.854,1.1664
2021,6893,11,1,15.9,4,18,7.804,6.691,1.1664
2021,10423,4,1,13.2,4,27,7.994,6.853,1.1664
2021,8543,5,1,14.4,2,18,6.963,5.969,1.1664
2021,10585,10,1,10.3,1,20,7.278,6.24,1.1664
2021,9393,9,2,22.3,4,25,9.506,8.15,1.1664
2021,9686,3,0,11.7,3,18,7.331,6.285,1.1664
2021,7221,8,2,16.5,5,20,7.818,6.703,1.1664
2021,11975,11,1,10.1,4,21,7.955,6.82,1.1664
2021,6610,9,1,13.5,3,21,7.154,6.134,1.1664
2021,6728,13,1,13.3,4,19,7.915,6.786,1.1664
2021,10418,4,0,14.1,4,21,8.234,7.059,1.1664
2021,13507,0,1,8.6,1,24,6.358,5.451,1.1664
2021,8619,4,0,13.6,4,22,8.759,7.51,1.1664
2021,11252,15,2,10.1,3,20,8.37,7.176,1.1664
2021,12183,4,2,15.3,3,25,8.128,6.968,1.1664
2021,11537,4,0,8.5,6,27,8.474,7.265,1.1664
2021,8722,17,0,13.2,3,25,9.257,7.936,1.1664
2021,6772,5,1,11.9,4,19,6.408,5.494,1.1664
2021,3981,17,2,19.4,3,19,8.545,7.326,1.1664
2021,8843,9,1,16.5,4,23,8.546,7.327,1.1664
2021,12445,14,1,17.5,7,23,10.082,8.644,1.1664
2021,6690,10,1,8.9,5,18,6.486,5.561,1.1664
2021,11251,12,0,10.5,4,23,9.123,7.821,1.1664
2021,7125,2,1,12.0,4,22,6.644,5.696,1.1664
2021,9765,15,0,16.6,4,26,10.415,8.929,1.1664
2021,11269,6,1,13.5,7,21,7.961,6.825,1.1664
2021,7851,11,0,9.0,6,26,8.126,6.967,1.1664
2021,9926,14,1,9.2,2,26,7.785,6.675,1.1664
2021,8462,7,2,16.8,7,20,8.738,7.492,1.1664
2021,11263,16,1,13.6,4,23,8.856,7.592,1.1664
2021,10088,0,1,12.2,2,21,6.841,5.865,1.1664
2021,9641,7,0,11.9,6,21,8.128,6.969,1.1664
2021,13396,13,1,15.6,6,23,9.7,8.316,1.1664
2021,11156,9,0,7.8,2,20,7.423,6.364,1.1664
2021,7774,7,1,12.2,4,17,7.485,6.417,1.1664
2021,9285,3,0,12.4,1,20,7.517,6.444,1.1664
2021,9310,9,0,7.0,6,26,8.062,6.912,1.1664
2021,9701,2,0,11.2,7,21,7.723,6.621,1.1664
2021,15811,3,0,21.1,4,22,11.249,9.644,1.1664
2021,10427,15,1,8.7,3,24,7.997,6.856,1.1664
2021,4410,3,1,12.5,3,17,5.818,4.988,1.1664
2021,8143,12,0,3.7,5,23,7.146,6.127,1.1664
2021,4669,16,1,11.4,2,27,7.695,6.597,1.1664
2021,8676,15,1,7.7,1,22,7.187,6.161,1.1664
2021,4532,16,1,10.6,6,16,7.118,6.103,1.1664
2021,7321,5,2,13.7,5,22,7.057,6.05,1.1664
2021,5698,2,0,7.5,4,24,6.63,5.684,1.1664
2021,10460,3,0,13.0,3,22,8.274,7.094,1.1664
2021,9501,7,1,8.9,2,23,6.865,5.886,1.1664
2021,10257,8,2,6.7,2,23,7.147,6.128,1.1664
2021,9239,0,1,15.9,4,19,7.1,6.087,1.1664
2021,6014,12,2,8.2,4,20,6.88,5.898,1.1664
2021,10784,1,2,10.3,4,21,6.937,5.947,1.1664
2021,14306,9,1,9.7,6,23,8.309,7.124,1.1664
2021,10523,16,1,12.9,5,18,9.186,7.875,1.1664
2021,8435,12,1,12.1,2,28,8.113,6.956,1.1664
2021,5930,13,1,11.3,3,15,7.789,6.677,1.1664
2021,7230,10,1,9.2,6,17,6.794,5.825,1.1664
2021,10633,9,1,10.9,3,24,7.448,6.385,1.1664
2021,12183,6,1,13.2,3,23,8.003,6.861,1.1664
2021,10152,9,0,12.5,4,22,8.357,7.165,1.1664
2021,11500,0,2,16.5,4,24,8.074,6.923,1.1664
2021,11269,13,1,15.1,4,24,9.222,7.907,1.1664
2021,10766,2,2,16.4,4,22,7.976,6.838,1.1664
2021,7854,12,1,17.4,1,23,8.344,7.154,1.1664
2021,9935,1,0,12.7,7,13,7.656,6.564,1.1664
2021,7379,16,0,15.4,4,22,9.411,8.069,1.1664
2021,9544,2,2,13.3,1,22,6.651,5.702,1.1664
2021,10327,14,0,17.3,6,28,10.236,8.775,1.1664
2021,13697,7,2,5.0,5,20,6.726,5.766,1.1664
2021,6226,5,0,10.7,3,22,6.997,5.999,1.1664
2021,10704,8,2,13.6,8,26,8.517,7.302,1.1664
2021,13203,10,2,14.3,6,24,9.05,7.759,1.1664
2021,11397,1,2,11.9,4,22,7.441,6.38,1.1664
2021,11582,8,0,5.3,3,25,7.935,6.803,1.1664
2021,10969,17,1,11.3,3,20,9.239,7.921,1.1664
2021,12746,17,0,15.3,5,27,10.751,9.217,1.1664
2021,6781,4,0,10.7,3,24,7.1,6.087,1.1664
2021,6035,17,0,12.4,4,17,8.716,7.473,1.1664
2021,9484,11,1,19.7,4,20,9.211,7.897,1.1664
2021,4097,3,0,11.3,4,16,6.447,5.528,1.1664
2021,12577,14,2,11.4,4,24,8.595,7.369,1.1664
2021,12552,10,0,12.8,1,24,9.237,7.919,1.1664
2021,8417,4,1,13.0,7,21,7.477,6.41,1.1664
2021,8573,5,0,12.5,2,26,7.942,6.809,1.1664
2021,9319,12,2,13.6,4,22,8.367,7.173,1.1664
2021,9630,9,0,7.2,1,30,7.533,6.458,1.1664
2021,9818,13,2,11.5,4,18,8.087,6.933,1.1664
2021,10896,3,1,7.1,5,24,6.658,5.708,1.1664
2021,9068,11,2,12.2,2,21,8.007,6.864,1.1664
2021,11858,14,0,14.4,4,20,9.812,8.412,1.1664
2021,10615,9,1,11.4,4,21,8.727,7.482,1.1664
2021,7983,10,1,8.2,3,23,6.917,5.93,1.1664
2021,12838,8,2,10.3,4,22,7.806,6.693,1.1664
2021,6104,10,1,19.2,2,24,8.374,7.18,1.1664
2021,9270,1,2,17.8,5,24,8.184,7.016,1.1664
2021,11917,12,0,9.8,4,26,9.116,7.816,1.1664
2021,7692,7,1,9.8,4,18,6.426,5.509,1.1664
2021,10274,7,0,11.6,1,17,8.208,7.037,1.1664
2021,10858,0,0,17.0,4,22,8.84,7.579,1.1664
2021,7349,5,1,5.0,3,20,5.959,5.109,1.1664
2021,9319,12,2,9.8,3,25,7.723,6.622,1.1664
2021,9109,8,2,13.6,5,19,7.915,6.786,1.1664
2021,8121,5,1,13.2,5,20,7.329,6.284,1.1664
2021,15254,14,2,10.3,5,21,8.918,7.646,1.1664
2021,7592,15,1,11.0,4,27,8.183,7.015,1.1664
2021,12012,3,1,13.3,7,28,8.085,6.932,1.1664
2021,8518,16,0,10.4,8,19,9.104,7.805,1.1664
2021,6783,8,1,7.7,5,15,6.231,5.342,1.1664
2021,9757,11,0,11.3,2,20,8.308,7.123,1.1664
2021,11123,11,0,12.8,6,22,9.146,7.842,1.1664
2021,11801,5,1,3.5,3,22,6.14,5.264,1.1664
2021,13406,11,2,13.6,1,22,8.749,7.501,1.1664
2021,16863,8,1,15.9,3,24,9.457,8.108,1.1664
2021,10126,4,2,10.6,1,21,6.526,5.595,1.1664
2021,7842,2,2,10.6,1,23,6.086,5.218,1.1664
2021,10632,1,0,9.0,4,24,7.176,6.152,1.1664
2021,8834,7,1,11.4,1,23,7.015,6.014,1.1664
2021,11815,9,1,9.8,4,24,7.839,6.721,1.1664
2021,6257,14,2,17.8,4,17,8.657,7.422,1.1664
2021,15421,8,2,12.5,1,22,8.42,7.219,1.1664
2021,11640,9,2,3.4,6,23,6.759,5.795,1.1664
2021,5290,10,1,14.3,2,22,7.381,6.328,1.1664
2021,7727,8,2,18.9,3,20,8.513,7.299,1.1664
2021,11540,13,0,14.0,8,23,9.76,8.367,1.1664
2021,12441,4,0,16.8,3,22,9.142,7.838,1.1664
2021,6319,8,1,14.7,9,22,7.884,6.759,1.1664
2021,11283,3,2,16.0,1,21,7.516,6.444,1.1664
2021,4632,1,2,15.8,3,21,6.601,5.659,1.1664
2021,9277,0,0,15.8,2,20,8.14,6.979,1.1664
2021,12280,0,2,13.3,6,21,7.36,6.31,1.1664
2021,8121,11,2,5.1,2,19,6.397,5.485,1.1664
2021,5733,10,1,7.6,3,21,6.149,5.272,1.1664
2021,9866,0,0,7.7,4,23,7.143,6.124,1.1664
2021,7988,13,1,1.9,2,24,5.879,5.04,1.1664
2021,11074,10,1,10.3,1,22,7.723,6.621,1.1664
2021,7287,6,1,17.7,1,22,7.597,6.514,1.1664
2021,7568,1,1,6.3,5,22,5.739,4.92,1.1664
2021,4447,14,2,14.9,3,25,8.444,7.239,1.1664
2021,9925,7,0,14.1,5,21,8.85,7.588,1.1664
2021,9098,14,1,12.9,3,23,8.139,6.978,1.1664
2021,6529,7,1,16.7,5,23,7.954,6.819,1.1664
2021,9984,9,0,11.8,5,20,8.458,7.251,1.1664
2021,12068,2,2,18.1,5,24,8.542,7.323,1.1664
2021,8961,13,0,11.2,5,16,8.541,7.323,1.1664
2021,10170,8,1,13.4,7,25,8.397,7.199,1.1664
2021,10183,8,2,11.4,4,18,7.213,6.184,1.1664
2021,6489,5,0,8.3,3,22,6.561,5.625,1.1664
2021,14641,7,2,6.6,2,24,7.121,6.105,1.1664
2021,8323,10,1,14.3,2,21,7.661,6.568,1.1664
2021,11140,7,0,17.4,7,23,9.966,8.545,1.1664
2021,11423,11,2,13.0,3,25,8.96,7.682,1.1664
2021,9151,9,0,14.1,6,28,9.185,7.875,1.1664
2021,11017,3,1,5.8,5,22,6.041,5.179,1.1664
2021,10115,15,0,13.5,6,23,9.807,8.408,1.1664
2021,5956,5,0,3.7,2,22,5.57,4.775,1.1664
2021,8669,8,2,7.2,4,21,6.647,5.699,1.1664
2021,7969,4,2,17.3,1,18,7.245,6.212,1.1664
2021,8346,5,0,12.1,6,19,7.637,6.547,1.1664
2021,6240,16,1,12.4,7,22,8.727,7.482,1.1664
2021,12316,16,2,14.2,3,23,9.322,7.992,1.1664
2021,13505,12,2,15.2,5,26,9.667,8.288,1.1664
2021,11945,16,1,10.9,3,21,9.148,7.843,1.1664
2021,12676,13,2,13.2,2,27,9.149,7.844,1.1664
2021,8638,1,1,11.7,3,18,6.348,5.442,1.1664
2021,7909,2,1,5.9,4,23,5.67,4.862,1.1664
2021,7554,1,2,10.6,5,21,6.215,5.329,1.1664
2021,11110,1,0,13.7,1,18,7.881,6.757,1.1664
2021,10068,6,0,10.5,4,17,7.622,6.534,1.1664
2021,9307,3,0,10.5,3,21,7.524,6.45,1.1664
2021,12738,16,0,15.1,1,21,9.975,8.552,1.1664
2021,10512,5,0,12.6,2,19,8.134,6.974,1.1664
2021,7403,6,1,13.4,2,24,7.208,6.18,1.1664
2021,7798,5,1,5.5,4,21,6.272,5.377,1.1664
2021,11205,8,1,13.8,4,19,8.189,7.02,1.1664
2021,12104,3,1,7.6,2,21,6.511,5.582,1.1664
2021,10879,4,0,11.9,8,20,8.218,7.046,1.1664
2021,14242,9,1,7.7,8,27,8.154,6.991,1.1664
2021,13588,17,1,15.7,5,21,10.133,8.688,1.1664
2021,10603,14,0,19.3,3,19,10.456,8.964,1.1664
2021,7404,0,2,11.4,3,27,6.736,5.775,1.1664
2021,6225,4,1,11.4,1,24,6.565,5.629,1.1664
2021,8532,4,2,16.1,4,22,7.733,6.63,1.1664
2021,11383,7,0,14.3,4,20,8.868,7.602,1.1664
2021,14067,14,2,11.7,6,24,9.343,8.01,1.1664
2021,10544,16,1,13.5,3,18,8.496,7.284,1.1664
2021,12422,12,2,20.1,3,24,10.14,8.694,1.1664
2021,8887,9,1,9.3,6,23,7.17,6.147,1.1664
2021,11057,16,2,9.7,7,25,8.798,7.543,1.1664
2021,11558,4,1,15.2,4,15,7.633,6.544,1.1664
2021,4551,17,2,20.4,4,19,9.44,8.093,1.1664
2021,8466,16,2,12.7,6,19,8.252,7.075,1.1664
2021,11874,3,1,5.2,4,19,6.712,5.755,1.1664
2021,10186,6,1,13.6,4,23,7.826,6.71,1.1664
2021,6509,4,0,9.9,3,21,6.804,5.833,1.1664
2021,3425,7,2,13.9,2,19,6.813,5.841,1.1664
2021,8586,7,1,6.6,1,19,6.15,5.272,1.1664
2021,9321,10,1,6.1,6,19,6.582,5.643,1.1664
2021,7290,8,0,10.8,2,25,7.787,6.676,1.1664
2021,9858,8,1,18.6,5,22,8.79,7.536,1.1664
2022,11514,7,2,18.9,4,22,10.588,8.405,1.2597
2022,8233,4,0,10.9,2,24,8.613,6.838,1.2597
2022,11156,10,2,9.4,3,25,9.153,7.266,1.2597
2022,12549,12,0,17.3,7,21,11.913,9.457,1.2597
2022,9216,5,1,13.7,8,25,9.084,7.211,1.2597
2022,5646,4,2,12.1,4,21,7.146,5.673,1.2597
2022,9624,17,0,7.6,5,22,10.737,8.524,1.2597
2022,9040,9,1,17.7,1,21,9.816,7.793,1.2597
2022,7187,15,0,12.4,4,24,10.549,8.375,1.2597
2022,11767,13,2,12.0,5,18,10.046,7.975,1.2597
2022,11864,14,2,14.2,6,23,10.84,8.605,1.2597
2022,10846,2,2,12.1,5,24,7.861,6.24,1.2597
2022,9216,2,1,17.9,5,25,8.816,6.999,1.2597
2022,10638,11,1,16.0,5,24,10.328,8.199,1.2597
2022,8675,14,0,9.8,7,19,10.225,8.117,1.2597
2022,12012,10,1,12.3,5,24,10.417,8.27,1.2597
2022,9206,9,1,9.7,4,24,8.485,6.736,1.2597
2022,9670,14,2,19.6,3,24,11.57,9.185,1.2597
2022,9878,17,1,9.1,2,21,9.966,7.911,1.2597
2022,18468,13,0,11.5,9,22,12.528,9.945,1.2597
2022,7751,5,0,13.5,7,25,9.32,7.399,1.2597
2022,9124,13,1,14.0,1,22,9.906,7.864,1.2597
2022,6295,15,0,14.7,7,19,10.84,8.605,1.2597
2022,10935,1,0,15.2,5,21,9.253,7.346,1.2597
2022,14628,4,0,14.8,3,26,10.329,8.2,1.2597
2022,9727,10,2,10.3,5,18,8.976,7.125,1.2597
2022,8694,10,0,9.8,4,26,9.788,7.77,1.2597
2022,10148,17,2,12.2,3,22,10.717,8.508,1.2597
2022,12887,7,1,9.8,6,18,8.631,6.852,1.2597
2022,13754,11,2,9.4,8,24,9.904,7.863,1.2597
2022,7682,8,0,10.3,6,20,8.907,7.071,1.2597
2022,11945,2,1,20.4,3,22,9.279,7.366,1.2597
2022,10046,5,1,18.2,8,16,9.378,7.445,1.2597
2022,13906,0,0,11.0,6,26,8.97,7.12,1.2597
2022,16038,16,2,3.7,5,21,10.26,8.145,1.2597
2022,14851,2,2,9.6,6,20,8.262,6.559,1.2597
2022,7834,17,1,15.5,6,23,11.038,8.763,1.2597
2022,8196,17,1,5.7,6,25,9.664,7.672,1.2597
2022,14536,1,1,14.4,4,21,8.824,7.005,1.2597
2022,10040,3,2,14.2,1,25,8.35,6.629,1.2597
2022,8376,0,2,12.1,5,22,7.061,5.605,1.2597
2022,6893,9,0,11.8,6,22,9.466,7.515,1.2597
2022,10649,4,0,8.4,8,20,9.054,7.187,1.2597
2022,9270,4,1,14.8,7,25,8.911,7.074,1.2597
2022,11276,8,1,13.2,4,24,9.515,7.553,1.2597
2022,10775,13,1,10.1,7,24,9.916,7.872,1.2597
2022,7261,12,2,8.9,4,25,8.437,6.698,1.2597
2022,8256,12,2,7.2,3,19,8.548,6.786,1.2597
2022,12662,0,1,13.5,6,22,8.357,6.634,1.2597
2022,12882,16,2,11.2,12,25,11.563,9.179,1.2597
2022,9371,7,0,11.2,4,22,8.917,7.079,1.2597
2022,10740,2,1,5.8,2,22,6.273,4.98,1.2597
2022,7698,16,2,7.6,8,22,9.746,7.736,1.2597
2022,10166,11,1,7.2,1,23,8.551,6.788,1.2597
2022,13063,17,1,15.1,3,16,11.08,8.796,1.2597
2022,14471,13,0,12.7,5,22,11.588,9.199,1.2597
2022,9986,10,2,10.9,3,23,8.76,6.954,1.2597
2022,9515,15,1,16.4,6,23,11.014,8.744,1.2597
2022,6709,3,2,15.9,5,27,8.688,6.897,1.2597
2022,8804,17,0,16.4,1,20,11.528,9.151,1.2597
2022,10129,6,0,11.0,2,27,9.011,7.153,1.2597
2022,9864,10,1,6.3,4,21,7.967,6.325,1.2597
2022,8881,15,1,18.8,5,18,11.361,9.019,1.2597
2022,13268,15,2,14.1,6,27,12.052,9.568,1.2597
2022,11335,2,2,14.2,5,25,8.63,6.851,1.2597
2022,9886,8,1,14.7,5,22,9.221,7.32,1.2597
2022,12009,7,0,23.1,7,20,11.852,9.409,1.2597
2022,10235,6,1,11.6,4,21,8.287,6.578,1.2597
2022,14181,16,2,17.7,4,23,12.489,9.914,1.2597
2022,8313,10,0,8.6,4,26,9.051,7.185,1.2597
2022,11121,3,2,15.3,4,18,8.423,6.686,1.2597
2022,4986,3,0,19.1,6,21,9.304,7.386,1.2597
2022,9321,4,2,11.8,3,21,7.534,5.981,1.2597
2022,10680,7,2,4.3,3,21,7.087,5.626,1.2597
2022,9497,9,1,14.3,3,20,9.436,7.491,1.2597
2022,7537,16,2,11.1,6,27,10.16,8.066,1.2597
2022,8564,5,2,15.4,2,20,8.438,6.699,1.2597
2022,7784,8,2,10.1,4,22,8.076,6.411,1.2597
2022,10002,9,1,21.6,3,18,10.477,8.317,1.2597
2022,12263,7,1,12.4,1,25,8.729,6.93,1.2597
2022,9433,14,2,15.2,5,21,11.018,8.747,1.2597
2022,14822,17,2,8.0,2,15,10.023,7.956,1.2597
2022,10872,4,2,7.3,5,25,7.754,6.155,1.2597
2022,5179,17,1,6.8,4,20,8.428,6.69,1.2597
2022,11133,0,0,6.8,3,26,7.264,5.766,1.2597
2022,10174,1,2,14.7,4,25,8.273,6.568,1.2597
2022,13743,9,0,9.6,5,22,10.421,8.273,1.2597
2022,10258,5,2,6.9,8,23,8.719,6.922,1.2597
2022,9667,10,0,9.2,5,22,9.53,7.565,1.2597
2022,15482,17,1,14.8,5,18,11.893,9.441,1.2597
2022,5036,15,1,14.7,6,26,10.338,8.207,1.2597
2022,9439,7,2,16.0,6,21,9.27,7.359,1.2597
2022,10964,3,2,10.9,6,22,8.058,6.397,1.2597
2022,9302,10,2,20.0,3,22,10.263,8.147,1.2597
2022,5048,9,1,16.3,2,21,8.721,6.923,1.2597
2022,11310,15,0,7.3,2,24,10.074,7.997,1.2597
2022,9155,11,2,15.2,9,22,10.381,8.24,1.2597
2022,9959,2,1,12.1,7,20,8.43,6.692,1.2597
2022,13447,10,2,11.3,1,21,9.259,7.35,1.2597
2022,11061,15,2,12.0,2,27,10.277,8.159,1.2597
2022,8750,2,1,9.3,3,22,6.766,5.371,1.2597
2022,11284,9,2,16.0,6,27,10.331,8.201,1.2597
2022,9239,15,2,9.7,7,19,10.018,7.953,1.2597
2022,9541,6,2,9.8,5,20,7.764,6.163,1.2597
2022,12193,14,1,15.0,4,21,10.877,8.635,1.2597
2022,8696,14,2,20.7,6,22,11.491,9.122,1.2597
2022,11704,9,1,10.0,8,20,9.201,7.304,1.2597
2022,9725,2,0,7.0,6,22,8.683,6.893,1.2597
2022,9030,5,0,16.6,4,23,10.108,8.024,1.2597
2022,9039,17,0,12.8,3,25,11.587,9.198,1.2597
2022,8765,4,0,14.0,10,18,9.233,7.33,1.2597
2022,10523,15,0,12.1,5,25,11.353,9.013,1.2597
2022,9613,12,2,14.4,8,24,10.385,8.244,1.2597
2022,13724,2,1,13.5,2,19,8.155,6.473,1.2597
2022,8082,14,1,9.9,5,20,9.003,7.147,1.2597
2022,11658,5,1,14.8,3,23,9.157,7.269,1.2597
2022,13158,3,1,14.0,5,20,8.671,6.884,1.2597
2022,14625,14,0,10.5,7,26,11.566,9.181,1.2597
2022,8271,17,1,11.3,7,22,10.135,8.046,1.2597
2022,12861,8,2,8.9,8,18,8.994,7.14,1.2597
2022,10815,3,2,13.8,4,19,8.192,6.503,1.2597
2022,12931,15,1,13.9,3,18,10.731,8.519,1.2597
2022,8688,17,1,11.8,3,22,10.189,8.088,1.2597
2022,10009,4,1,7.4,1,22,6.804,5.401,1.2597
2022,9391,12,1,3.9,7,24,8.867,7.039,1.2597
2022,9173,5,1,11.1,8,26,8.633,6.853,1.2597
2022,10403,11,2,12.9,5,22,9.821,7.796,1.2597
2022,16537,14,0,14.6,8,26,13.175,10.459,1.2597
2022,11972,8,2,16.5,7,20,10.013,7.949,1.2597
2022,9422,6,1,10.6,4,18,7.858,6.238,1.2597
2022,9570,13,1,5.7,2,24,8.299,6.588,1.2597
2022,11706,15,2,9.9,3,24,10.244,8.132,1.2597
2022,9835,3,1,20.7,4,23,9.36,7.43,1.2597
2022,9843,11,1,18.6,4,24,10.618,8.429,1.2597
2022,7527,17,0,13.7,2,15,10.479,8.319,1.2597
2022,10182,7,1,10.3,6,21,8.321,6.606,1.2597
2022,3987,16,1,11.6,5,25,9.526,7.562,1.2597
2022,5879,2,0,18.9,5,21,9.184,7.291,1.2597
2022,9424,3,0,12.8,8,24,9.13,7.248,1.2597
2022,11951,9,2,10.5,1,30,9.33,7.406,1.2597
2022,14328,15,0,17.3,4,25,12.86,10.209,1.2597
2022,11303,1,0,4.2,3,21,6.657,5.284,1.2597
2022,11636,11,1,8.0,7,17,8.77,6.962,1.2597
2022,10582,15,2,8.8,2,24,9.324,7.402,1.2597
2022,12396,9,2,16.0,2,16,10.787,8.564,1.2597
2022,10833,4,2,9.8,7,20,8.227,6.531,1.2597
2022,11232,11,1,4.9,1,20,8.073,6.409,1.2597
2022,6391,2,1,9.2,6,22,6.595,5.235,1.2597
2022,10957,11,2,10.1,2,23,8.821,7.002,1.2597
2022,10358,0,1,11.7,5,19,7.348,5.833,1.2597
2022,9260,1,0,12.5,4,25,8.777,6.967,1.2597
2022,9444,10,1,15.9,11,26,10.866,8.626,1.2597
2022,6965,11,1,10.8,5,21,8.63,6.851,1.2597
2022,11648,6,2,9.7,3,25,8.182,6.495,1.2597
2022,10887,0,1,12.2,11,20,7.968,6.325,1.2597
2022,10473,12,0,13.0,5,19,10.64,8.447,1.2597
2022,10875,12,2,9.6,5,25,9.591,7.613,1.2597
2022,7184,1,1,5.2,5,23,5.813,4.615,1.2597
2022,14708,9,1,10.0,5,23,9.694,7.695,1.2597
2022,12658,0,2,15.2,2,28,8.304,6.592,1.2597
2022,11852,6,0,11.7,3,24,9.803,7.782,1.2597
2022,14011,12,2,17.0,2,29,11.557,9.174,1.2597
2022,10828,1,1,14.0,8,22,8.185,6.498,1.2597
2022,9594,6,2,9.9,4,27,8.485,6.736,1.2597
2022,10985,16,2,17.9,5,22,12.504,9.927,1.2597
2022,14117,4,1,8.5,5,19,8.948,7.103,1.2597
2022,8064,10,0,5.3,4,24,8.221,6.526,1.2597
2022,14087,10,0,13.4,3,22,11.164,8.862,1.2597
2022,6919,10,1,8.9,1,28,8.029,6.373,1.2597
2022,11633,16,2,11.8,4,24,10.502,8.337,1.2597
2022,12826,7,1,7.7,3,25,8.324,6.608,1.2597
2022,11911,13,1,12.0,5,17,10.705,8.498,1.2597
2022,12919,9,2,13.9,11,24,10.915,8.665,1.2597
2022,9981,6,0,14.5,7,22,9.742,7.733,1.2597
2022,7117,1,2,7.4,4,20,5.801,4.605,1.2597
2022,12926,16,1,6.6,3,26,10.268,8.151,1.2597
2022,14922,0,0,13.6,5,18,8.889,7.056,1.2597
2022,9888,12,0,10.5,3,23,9.96,7.907,1.2597
2022,12005,13,2,9.8,6,20,10.118,8.032,1.2597
2022,8234,17,1,11.5,2,23,9.801,7.781,1.2597
2022,8045,13,1,11.3,2,21,9.182,7.289,1.2597
2022,10568,14,1,13.5,4,21,10.285,8.165,1.2597
2022,8481,13,2,14.0,10,22,10.529,8.359,1.2597
2022,10541,4,1,15.9,8,19,8.966,7.118,1.2597
2022,17876,15,2,11.0,5,25,11.507,9.134,1.2597
2022,8535,4,1,16.0,3,24,8.51,6.755,1.2597
2022,11154,12,0,14.4,2,19,10.658,8.461,1.2597
2022,5904,15,1,15.5,6,26,10.293,8.171,1.2597
2022,11608,14,0,7.6,1,24,9.853,7.822,1.2597
2022,8536,4,2,11.6,5,22,7.906,6.276,1.2597
2022,11032,5,0,19.6,7,18,10.506,8.34,1.2597
2022,10965,12,2,6.5,2,20,8.636,6.856,1.2597
2022,10648,15,1,19.2,3,16,11.218,8.905,1.2597
2022,7931,9,2,19.0,8,23,10.187,8.087,1.2597
2022,9590,1,0,14.9,4,25,8.954,7.108,1.2597
2022,10889,12,2,6.6,3,20,8.432,6.693,1.2597
2022,9693,16,0,11.1,4,22,10.944,8.688,1.2597
2022,13808,0,2,15.2,6,25,8.814,6.997,1.2597
2022,10403,3,1,6.7,4,20,6.751,5.359,1.2597
2022,7818,17,1,14.7,6,24,11.086,8.801,1.2597
2022,11379,5,1,12.4,2,28,8.649,6.866,1.2597
2022,4183,11,2,9.7,3,24,7.675,6.093,1.2597
2022,15204,12,0,7.5,5,19,10.374,8.235,1.2597
2022,5998,1,2,17.8,6,22,8.512,6.757,1.2597
2022,12541,16,1,15.1,5,24,11.667,9.262,1.2597
2022,12152,9,2,11.3,8,23,9.624,7.64,1.2597
2022,7474,4,2,12.1,3,19,7.173,5.694,1.2597
2022,11699,11,0,10.9,2,23,10.14,8.049,1.2597
2022,8576,17,1,4.8,2,21,9.384,7.449,1.2597
2022,9886,8,0,17.2,6,21,10.676,8.475,1.2597
2022,11476,10,1,12.9,6,24,9.893,7.854,1.2597
2022,10179,3,1,15.8,6,27,8.906,7.07,1.2597
2022,7800,9,2,10.2,4,20,8.112,6.439,1.2597
2022,11326,0,2,12.4,4,23,8.033,6.377,1.2597
2022,9780,1,0,13.3,7,22,8.986,7.134,1.2597
2022,10023,8,1,16.1,5,24,9.724,7.719,1.2597
2022,10171,17,1,19.2,9,22,12.394,9.839,1.2597
2022,6937,15,1,10.6,6,20,9.351,7.424,1.2597
2022,7489,13,0,10.6,9,20,10.249,8.136,1.2597
2022,8827,3,2,11.0,4,23,7.439,5.905,1.2597
2022,11326,1,2,9.6,10,22,8.105,6.434,1.2597
2022,7977,11,0,22.6,3,24,12.338,9.794,1.2597
2022,13273,4,1,5.3,5,17,7.254,5.759,1.2597
2022,10804,3,0,22.7,5,25,11.348,9.008,1.2597
2022,11211,14,2,14.6,7,26,10.941,8.685,1.2597
2022,9471,2,0,11.7,3,22,8.325,6.608,1.2597
2022,6310,16,1,8.6,6,24,9.378,7.445,1.2597
2022,11630,7,2,11.8,6,25,9.043,7.178,1.2597
2022,8494,11,0,9.7,8,21,10.56,8.383,1.2597
2022,6570,7,1,17.5,3,23,9.067,7.197,1.2597
2022,8213,4,0,14.5,4,23,9.261,7.351,1.2597
2022,10101,5,2,18.7,2,20,9.75,7.74,1.2597
2022,4354,4,1,10.8,5,22,6.698,5.317,1.2597
2022,9460,7,2,12.6,8,16,8.749,6.945,1.2597
2022,12821,17,2,11.6,7,20,11.178,8.874,1.2597
2022,10380,3,2,10.5,4,26,8.341,6.622,1.2597
2022,13298,3,1,7.9,4,23,7.611,6.042,1.2597
2022,9292,4,2,14.9,3,20,8.101,6.431,1.2597
2022,13183,14,0,13.4,4,18,11.235,8.919,1.2597
2022,6946,5,1,11.8,6,30,8.293,6.583,1.2597
2022,11800,15,0,14.0,7,20,12.221,9.701,1.2597
2022,10029,13,2,10.4,3,21,9.557,7.587,1.2597
2022,13687,13,2,12.1,3,24,10.324,8.195,1.2597
2022,9269,15,2,15.4,4,20,10.45,8.296,1.2597
2022,7669,3,2,16.0,7,23,8.545,6.783,1.2597
2022,11567,10,2,18.1,3,22,10.348,8.215,1.2597
2022,14418,7,2,7.6,7,18,8.831,7.01,1.2597
2022,10890,9,2,8.1,8,22,8.841,7.019,1.2597
2022,10195,4,1,7.4,3,23,7.412,5.884,1.2597
2022,7263,15,0,9.4,3,19,10.31,8.184,1.2597
2022,12667,2,1,10.7,1,24,7.724,6.132,1.2597
2022,10171,9,1,13.7,7,24,9.661,7.669,1.2597
2022,12052,12,2,16.7,8,19,11.332,8.996,1.2597
2022,10793,6,2,10.4,6,23,8.364,6.64,1.2597
2022,15400,11,2,14.3,1,23,11.011,8.741,1.2597
2022,8906,13,1,17.1,7,21,11.113,8.822,1.2597
2022,8998,9,0,10.2,9,21,9.694,7.696,1.2597
2022,12834,8,0,10.9,3,23,9.589,7.612,1.2597
2022,12895,11,0,12.3,5,20,10.966,8.706,1.2597
2022,12974,2,1,5.3,2,24,6.67,5.295,1.2597
2022,10268,12,2,14.0,4,20,10.309,8.183,1.2597
2022,10819,5,1,7.2,4,20,7.274,5.775,1.2597
2022,6932,5,1,15.2,2,18,7.843,6.226,1.2597
2022,9898,6,0,10.3,4,17,8.667,6.88,1.2597
2022,10992,3,1,10.0,5,22,7.537,5.983,1.2597
2022,10993,4,2,8.1,5,16,8.074,6.41,1.2597
2022,8406,0,2,14.2,7,23,8.33,6.613,1.2597
2022,7552,17,0,14.1,5,22,11.429,9.073,1.2597
2022,12910,16,2,10.2,5,28,10.768,8.548,1.2597
2022,12518,8,1,19.2,1,24,10.403,8.258,1.2597
2022,9719,8,2,12.1,5,24,8.937,7.094,1.2597
2022,12881,9,0,11.9,10,20,10.742,8.527,1.2597
2022,12649,16,2,12.2,6,20,10.703,8.497,1.2597
2022,6104,12,0,9.3,6,21,9.092,7.217,1.2597
2022,10040,3,2,8.0,2,22,7.463,5.925,1.2597
2022,13647,17,2,10.5,9,20,11.238,8.921,1.2597
2022,6324,17,1,14.5,6,24,10.478,8.318,1.2597
2022,6673,8,2,4.6,6,21,7.038,5.587,1.2597
2022,11867,2,0,6.0,3,25,8.148,6.468,1.2597
2022,13531,6,2,9.6,6,20,8.491,6.74,1.2597
2022,9600,14,1,4.8,5,24,8.57,6.803,1.2597
2022,9127,8,2,6.3,4,28,7.655,6.077,1.2597
2022,6052,8,2,15.2,3,27,9.353,7.425,1.2597
2022,9554,3,0,10.2,5,19,8.354,6.632,1.2597
2022,6620,17,1,8.6,3,25,9.2,7.304,1.2597
2022,9413,16,1,12.6,3,15,10.067,7.992,1.2597
2022,13577,5,2,12.5,7,17,8.977,7.126,1.2597
2022,7064,6,2,16.7,2,24,8.548,6.786,1.2597
2022,9669,9,0,4.9,8,23,8.765,6.958,1.2597
2022,12452,9,1,8.3,1,24,8.639,6.858,1.2597
2022,8359,5,2,9.6,1,21,7.316,5.808,1.2597
2022,11320,5,1,13.6,8,19,9.086,7.213,1.2597
2022,12325,7,2,23.6,4,17,11.054,8.775,1.2597
2022,10496,8,0,14.3,6,19,10.374,8.235,1.2597
2022,10547,0,1,10.9,3,24,7.323,5.813,1.2597
2022,7555,15,2,7.1,2,25,8.739,6.938,1.2597
2022,9302,5,0,6.6,7,23,8.442,6.701,1.2597
2022,10705,7,2,15.6,4,23,9.306,7.387,1.2597
2022,5546,14,0,8.8,5,27,9.56,7.589,1.2597
2022,4684,11,1,10.6,6,26,8.387,6.658,1.2597
2022,9917,9,2,18.6,5,25,10.254,8.14,1.2597
2022,11247,15,1,5.1,3,25,9.507,7.547,1.2597
2022,10520,14,0,13.1,3,23,11.583,9.195,1.2597
2022,6247,10,2,8.4,3,23,7.56,6.002,1.2597
2022,13059,6,2,18.5,4,20,10.026,7.959,1.2597
2022,10559,7,2,8.2,2,23,7.705,6.116,1.2597
2022,12727,10,2,14.7,3,20,10.02,7.954,1.2597
2022,8703,8,0,4.8,6,26,8.141,6.463,1.2597
2022,10963,6,0,18.2,8,24,11.528,9.152,1.2597
2022,11601,14,0,15.7,2,21,11.197,8.888,1.2597
2022,12811,14,2,9.8,6,24,11.21,8.899,1.2597
2022,12600,15,2,13.6,5,25,11.227,8.913,1.2597
2022,8300,2,2,15.8,7,19,8.216,6.522,1.2597
2022,10011,15,2,12.6,3,21,10.666,8.467,1.2597
2022,8992,14,1,10.4,4,19,9.625,7.641,1.2597
2022,10657,0,0,11.6,2,22,7.692,6.106,1.2597
2022,6706,13,0,12.4,3,26,10.196,8.094,1.2597
2022,6325,10,0,12.2,4,22,9.919,7.874,1.2597
2022,16264,2,1,13.7,5,24,9.157,7.269,1.2597
2022,15138,8,1,7.9,3,20,8.65,6.866,1.2597
2022,13215,5,2,9.4,4,25,8.332,6.615,1.2597
2022,11511,15,0,10.4,4,22,10.855,8.617,1.2597
2022,12239,10,2,13.9,5,24,9.982,7.924,1.2597
2022,12245,17,1,5.9,3,25,10.819,8.589,1.2597
2022,14437,16,2,12.6,4,19,11.656,9.253,1.2597
2022,9069,16,2,15.1,5,20,11.171,8.868,1.2597
2022,8406,2,2,12.2,6,21,8.404,6.671,1.2597
2022,10262,14,1,12.3,4,27,10.251,8.138,1.2597
2022,11789,9,0,10.8,3,26,10.049,7.977,1.2597
2022,9663,7,1,12.2,4,22,8.857,7.031,1.2597
2022,8918,16,0,10.2,5,30,10.935,8.681,1.2597
2022,13893,3,1,11.3,3,18,8.296,6.586,1.2597
2022,8207,7,1,10.2,6,21,7.975,6.331,1.2597
2022,13972,1,1,11.3,10,26,9.034,7.172,1.2597
2022,12708,7,2,10.7,6,22,8.994,7.14,1.2597
2022,15080,6,1,7.3,3,19,8.421,6.685,1.2597
2022,15758,8,2,6.0,3,23,8.807,6.992,1.2597
2022,11226,17,1,12.3,2,30,11.067,8.786,1.2597
2022,15496,16,0,14.4,7,19,12.697,10.079,1.2597
2022,11563,0,1,18.2,4,20,8.714,6.918,1.2597
2022,11290,11,2,16.4,3,19,10.545,8.371,1.2597
2022,10785,3,2,15.6,6,21,9.321,7.399,1.2597
2022,9214,16,2,12.9,2,25,10.353,8.218,1.2597
2022,12199,6,1,12.5,5,27,10.172,8.075,1.2597
2022,13177,2,0,8.8,5,18,8.619,6.842,1.2597
2022,6804,0,0,8.4,3,24,6.7,5.318,1.2597
2022,16700,1,1,12.8,4,24,9.371,7.439,1.2597
2022,14361,5,2,8.7,7,20,8.83,7.01,1.2597
2022,8845,10,2,11.6,4,24,8.944,7.1,1.2597
2022,11706,3,0,2.0,4,23,7.571,6.01,1.2597
2022,10192,0,2,13.9,4,25,8.423,6.687,1.2597
2022,11132,10,1,7.9,3,15,8.157,6.475,1.2597
2022,9960,15,0,6.3,6,23,10.159,8.064,1.2597
2022,11608,5,1,14.9,5,24,9.85,7.819,1.2597
2022,7627,10,1,15.9,4,25,10.15,8.058,1.2597
2022,15775,7,2,11.7,6,24,10.42,8.271,1.2597
2022,7817,0,1,9.1,2,18,6.464,5.131,1.2597
2022,11681,13,2,14.9,7,26,11.042,8.765,1.2597
2022,8603,1,1,8.9,5,24,7.056,5.601,1.2597
2022,9909,5,1,11.4,7,22,8.645,6.863,1.2597
2022,11453,8,1,17.4,5,22,10.437,8.285,1.2597
2022,10545,13,2,13.5,4,27,10.258,8.143,1.2597
2022,10623,7,2,11.8,5,24,8.66,6.874,1.2597
2022,9380,2,2,10.9,3,22,7.228,5.738,1.2597
2022,8571,9,1,12.2,4,19,8.882,7.051,1.2597
2022,11958,17,1,13.1,4,21,10.988,8.723,1.2597
2022,8164,8,1,7.5,7,19,7.707,6.118,1.2597
2022,8676,8,0,16.8,6,17,10.183,8.084,1.2597
2022,8705,12,2,10.2,2,23,8.962,7.114,1.2597
2022,9471,0,1,11.2,4,17,6.833,5.424,1.2597
2022,6749,16,1,15.3,3,20,10.09,8.01,1.2597
2022,6788,3,1,11.4,4,21,7.203,5.718,1.2597
2022,11658,3,1,15.5,4,18,8.47,6.724,1.2597
2022,11686,15,2,11.8,6,25,10.766,8.547,1.2597
2022,11077,15,2,12.4,3,22,10.127,8.039,1.2597
2022,13738,14,2,12.9,4,15,11.14,8.843,1.2597
2022,8094,5,2,13.5,8,25,8.584,6.814,1.2597
2022,5987,4,1,14.2,7,27,8.646,6.864,1.2597
2022,12263,9,2,16.2,4,23,10.073,7.996,1.2597
2022,5933,6,0,16.0,2,24,9.149,7.263,1.2597
2022,9958,6,2,8.8,5,23,7.789,6.183,1.2597
2022,10996,9,2,17.8,2,24,10.693,8.489,1.2597
2022,15452,9,2,5.2,8,20,8.962,7.114,1.2597
2022,8933,14,0,9.5,5,20,10.114,8.029,1.2597
2022,9117,5,2,11.4,4,19,8.093,6.424,1.2597
2022,11953,1,2,7.3,4,22,7.383,5.861,1.2597
2022,11805,7,2,13.1,6,24,9.69,7.692,1.2597
2022,9442,14,0,15.0,5,24,11.37,9.026,1.2597
2022,10763,17,1,9.1,2,21,9.713,7.711,1.2597
2022,8457,4,0,13.9,4,21,8.776,6.966,1.2597
2022,11417,3,1,15.3,5,21,8.694,6.902,1.2597
2022,6316,9,1,4.3,5,20,7.029,5.58,1.2597
2022,17570,13,2,12.7,3,16,10.639,8.445,1.2597
2022,12103,12,1,13.5,6,21,10.712,8.504,1.2597
2022,7546,9,2,8.3,6,21,8.251,6.55,1.2597
2022,9630,5,0,7.2,2,22,7.773,6.171,1.2597
2022,7667,12,1,9.2,5,20,8.488,6.738,1.2597
2022,8253,10,2,11.3,5,23,8.765,6.958,1.2597
2022,10829,14,2,9.0,1,30,9.904,7.862,1.2597
2022,13779,1,1,14.2,4,24,8.78,6.97,1.2597
2022,10047,14,1,13.7,6,21,10.259,8.144,1.2597
2022,5574,16,1,13.5,2,21,9.655,7.665,1.2597
2022,8765,17,0,17.0,7,22,12.892,10.234,1.2597
2022,8930,5,1,14.6,4,22,9.353,7.425,1.2597
2022,10522,14,0,13.1,4,22,11.148,8.85,1.2597
2022,9948,16,2,7.1,7,21,9.921,7.875,1.2597
2022,4801,8,0,16.6,7,20,9.665,7.672,1.2597
2022,7988,11,0,17.1,4,24,11.019,8.747,1.2597
2022,7531,4,2,10.7,4,21,7.254,5.758,1.2597
2022,12544,13,2,8.8,3,24,9.686,7.689,1.2597
2022,9587,7,2,15.0,3,21,9.042,7.178,1.2597
2022,5303,16,2,4.7,6,17,8.674,6.886,1.2597
2022,8129,8,0,13.6,5,19,9.478,7.524,1.2597
2022,13237,2,1,18.0,9,17,9.829,7.803,1.2597
2022,8802,6,2,10.5,1,23,7.913,6.281,1.2597
2022,8602,11,2,13.0,7,17,9.243,7.337,1.2597
2022,9874,2,2,12.4,5,21,7.569,6.009,1.2597
2022,10864,8,1,16.2,7,21,9.768,7.755,1.2597
2022,9943,13,1,12.4,4,21,9.626,7.642,1.2597
2022,12858,17,2,10.6,6,25,11.379,9.033,1.2597
2022,9943,10,0,5.9,5,25,9.209,7.31,1.2597
2022,11986,3,2,12.4,4,20,8.155,6.474,1.2597
2022,10792,7,2,11.7,2,22,8.383,6.655,1.2597
2022,7067,17,2,3.9,4,21,8.182,6.495,1.2597
2022,14763,12,1,8.0,7,23,10.182,8.083,1.2597
2022,13189,3,1,9.6,5,22,7.855,6.236,1.2597
2022,8883,9,0,9.6,3,23,9.371,7.439,1.2597
2022,10022,7,2,11.9,3,19,9.025,7.165,1.2597
2022,11838,11,1,11.6,3,23,9.52,7.557,1.2597
2022,10750,11,0,11.7,7,18,10.279,8.16,1.2597
2022,10568,1,1,21.0,5,20,9.112,7.234,1.2597
2022,11564,7,0,10.2,2,22,8.986,7.134,1.2597
2022,11184,12,2,8.5,4,16,8.651,6.868,1.2597
2022,11195,0,2,18.3,2,15,8.209,6.517,1.2597
2022,10528,2,1,17.9,7,19,9.162,7.273,1.2597
2022,11897,1,2,7.7,3,19,6.949,5.516,1.2597
2022,10824,7,2,16.9,6,19,10.244,8.132,1.2597
2022,10887,2,2,4.6,4,20,6.9,5.477,1.2597
2022,13737,14,2,23.5,4,23,13.51,10.725,1.2597
2022,11384,1,2,19.1,5,28,9.444,7.497,1.2597
2022,11126,16,0,14.1,6,20,12.108,9.612,1.2597
2022,8078,5,1,15.4,6,23,9.065,7.196,1.2597
2022,8204,0,2,13.8,2,26,7.164,5.687,1.2597
2022,13154,3,0,9.4,7,25,9.274,7.362,1.2597
2022,11727,6,0,16.8,6,20,10.814,8.584,1.2597
2022,12594,13,1,17.4,7,25,11.787,9.357,1.2597
2022,10794,13,1,9.1,7,26,10.018,7.953,1.2597
2022,11294,9,0,11.9,7,27,10.804,8.577,1.2597
2022,9936,6,2,7.1,4,27,7.528,5.976,1.2597
2022,10233,15,1,11.8,2,19,10.035,7.966,1.2597
2022,9258,3,0,10.9,2,23,8.018,6.365,1.2597
2022,13634,6,2,17.0,6,20,9.997,7.936,1.2597
2022,8520,14,2,18.4,2,18,10.357,8.222,1.2597
2022,11069,16,1,7.7,5,23,10.101,8.019,1.2597
2022,9908,2,1,15.1,5,23,8.36,6.637,1.2597
2022,12680,15,2,15.5,5,23,11.346,9.007,1.2597
2022,10869,1,2,5.0,4,21,6.88,5.462,1.2597
2022,11454,6,0,15.9,6,29,10.683,8.48,1.2597
2022,10819,15,2,6.1,5,27,9.521,7.558,1.2597
2022,7820,8,2,10.0,8,21,8.281,6.574,1.2597
2022,11676,11,2,8.4,4,22,8.749,6.945,1.2597
2022,10052,0,0,5.7,5,23,7.047,5.594,1.2597
2022,8397,13,0,16.4,1,25,10.827,8.595,1.2597
2022,6773,10,1,8.2,7,23,8.329,6.612,1.2597
2022,8257,17,0,10.4,3,22,10.45,8.295,1.2597
2022,12210,4,0,12.0,4,18,9.054,7.187,1.2597
2022,14705,14,0,15.0,4,28,12.432,9.869,1.2597
2022,10596,6,2,8.1,3,20,7.392,5.868,1.2597
2022,7808,13,0,13.9,10,25,11.009,8.739,1.2597
2022,11341,7,0,11.1,3,22,9.133,7.25,1.2597
2022,12993,3,2,8.0,6,26,8.345,6.625,1.2597
2022,15103,2,0,16.1,4,18,10.342,8.21,1.2597
2022,13460,11,1,20.3,8,20,11.836,9.396,1.2597
2022,10861,17,2,12.8,5,22,10.916,8.666,1.2597
2022,11738,14,2,9.6,4,19,9.413,7.472,1.2597
2022,8493,10,2,9.1,3,20,8.085,6.418,1.2597
2022,12292,10,1,15.2,4,26,10.444,8.291,1.2597
2022,12635,11,2,12.1,3,24,9.809,7.786,1.2597
2022,4057,16,1,7.8,5,26,8.785,6.974,1.2597
2022,10657,5,2,5.2,4,22,7.402,5.876,1.2597
2022,14025,7,1,13.5,1,22,9.794,7.775,1.2597
2022,8622,14,2,6.9,6,18,8.636,6.855,1.2597
2022,4986,9,1,10.4,5,25,8.233,6.536,1.2597
2022,10231,14,2,18.5,7,22,11.529,9.152,1.2597
2022,12990,11,2,8.7,2,23,9.34,7.414,1.2597
2022,11302,10,0,16.2,1,20,10.622,8.433,1.2597
2022,10367,17,1,7.9,4,30,10.191,8.09,1.2597
2022,7986,4,2,15.5,4,22,8.623,6.845,1.2597
2022,7554,11,0,14.3,4,20,10.215,8.109,1.2597
2022,10757,4,1,14.0,7,19,9.025,7.165,1.2597
2022,10154,9,2,9.6,2,24,8.417,6.682,1.2597
2022,12431,13,2,14.5,1,20,10.782,8.559,1.2597
2022,11402,15,0,13.5,5,21,11.597,9.206,1.2597
2022,8442,4,1,19.6,6,17,9.553,7.584,1.2597
2022,10940,10,0,9.5,3,22,9.621,7.638,1.2597
2022,10526,7,1,17.1,3,22,9.519,7.556,1.2597
2022,6140,17,0,8.4,6,28,10.748,8.533,1.2597
2022,9252,11,2,11.0,9,20,9.364,7.433,1.2597
2022,10450,12,2,9.4,4,15,8.906,7.07,1.2597
2022,10017,17,1,10.0,4,21,10.37,8.232,1.2597
2022,11089,14,2,11.4,3,26,9.894,7.854,1.2597
2022,10496,14,1,17.8,4,24,11.196,8.888,1.2597
2022,11152,11,1,13.8,2,25,9.841,7.812,1.2597
2022,10717,8,1,16.9,10,23,10.555,8.379,1.2597
2022,10242,11,1,12.1,4,21,9.176,7.284,1.2597
2022,10699,4,1,17.1,7,19,9.49,7.533,1.2597
2022,9396,9,2,12.9,1,19,8.398,6.667,1.2597
2022,9261,6,2,8.8,5,20,7.57,6.01,1.2597
2022,10546,10,2,16.2,7,24,10.541,8.368,1.2597
2022,5277,7,1,17.9,7,22,9.534,7.569,1.2597
2022,9373,6,0,14.6,10,17,10.649,8.453,1.2597
2022,8535,15,2,15.3,4,23,10.431,8.281,1.2597
2022,8226,15,1,17.1,6,26,11.394,9.045,1.2597
2022,9512,13,2,10.9,2,17,9.558,7.587,1.2597
2022,6949,14,2,9.1,6,24,9.003,7.147,1.2597
2022,9524,8,2,13.5,1,16,8.524,6.767,1.2597
2022,10878,15,1,18.9,2,19,11.576,9.189,1.2597
2022,12926,15,2,13.2,3,18,10.343,8.211,1.2597
2022,15798,4,2,14.5,6,24,9.89,7.851,1.2597
2022,5729,2,1,12.3,5,27,7.417,5.888,1.2597
2022,7965,12,2,13.2,6,25,9.672,7.678,1.2597
2022,9523,7,0,9.9,3,25,9.341,7.416,1.2597
2022,10646,16,1,14.2,5,19,10.968,8.707,1.2597
2022,11211,4,2,15.5,5,24,8.983,7.131,1.2597
2022,8775,5,0,6.0,5,23,8.105,6.434,1.2597
2022,3981,1,1,6.0,5,18,5.147,4.086,1.2597
2022,12887,13,1,5.0,8,25,9.347,7.42,1.2597
2022,11557,3,1,17.9,3,23,9.038,7.175,1.2597
2022,12083,2,1,8.3,3,21,7.127,5.658,1.2597
2022,9763,8,2,13.4,4,24,8.95,7.105,1.2597
2022,11178,17,1,19.1,8,22,12.987,10.309,1.2597
2022,5301,11,2,13.3,7,26,9.12,7.24,1.2597
2022,7624,8,2,14.1,2,28,9.254,7.346,1.2597
2022,13286,17,1,8.6,3,21,10.19,8.089,1.2597
2022,10377,12,0,13.3,7,21,10.77,8.55,1.2597
2022,14973,13,1,8.0,4,21,10.174,8.076,1.2597
2022,7863,9,2,4.4,5,22,7.336,5.823,1.2597
2022,16680,2,1,12.2,6,26,10.642,8.448,1.2597
2022,17038,6,2,13.3,5,19,9.752,7.741,1.2597
2022,8688,17,2,9.9,3,18,10.381,8.241,1.2597
2022,9164,15,2,9.0,5,23,9.328,7.405,1.2597
2022,13430,16,2,11.1,12,22,11.563,9.179,1.2597
2022,8893,5,2,9.1,2,23,7.428,5.896,1.2597
2022,9636,11,0,15.0,2,16,10.244,8.132,1.2597
2022,8467,2,2,13.8,5,27,8.32,6.605,1.2597
2022,8534,2,1,18.5,3,23,8.435,6.696,1.2597
2022,10595,17,1,10.6,6,29,10.97,8.709,1.2597
2022,9616,10,1,12.3,5,23,9.419,7.477,1.2597
2022,5077,5,0,12.7,3,21,7.916,6.284,1.2597
2022,13903,4,1,10.5,3,23,8.35,6.629,1.2597
2022,14298,12,0,4.1,7,26,10.304,8.179,1.2597
2022,11581,4,0,13.8,5,20,9.327,7.404,1.2597
2022,10614,2,1,21.3,2,24,9.439,7.493,1.2597
2022,7960,16,2,16.0,4,23,10.904,8.656,1.2597
2022,9145,2,0,19.8,4,24,9.693,7.695,1.2597
2022,13023,14,1,15.6,3,19,10.735,8.522,1.2597
2022,11795,16,2,11.4,10,24,11.053,8.774,1.2597
2022,11438,12,1,14.4,6,24,10.356,8.221,1.2597
2022,11544,13,2,16.3,4,27,10.975,8.712,1.2597
2022,12956,15,2,5.6,4,27,9.967,7.913,1.2597
2022,12581,10,1,13.8,2,23,9.645,7.657,1.2597
2022,12024,16,2,11.6,9,23,11.138,8.842,1.2597
2022,9429,4,2,17.9,2,19,8.477,6.729,1.2597
2022,14511,14,1,13.5,2,21,10.995,8.729,1.2597
2022,9088,17,2,2.2,1,21,8.297,6.586,1.2597
2022,8128,15,2,13.8,4,25,10.24,8.129,1.2597
2022,8891,13,2,3.8,6,23,9.398,7.46,1.2597
2022,7322,13,2,17.1,4,19,9.947,7.896,1.2597
2022,11759,12,1,8.9,2,19,9.103,7.226,1.2597
2022,10266,0,2,7.5,7,30,7.134,5.664,1.2597
2022,13122,5,2,8.9,4,21,8.293,6.583,1.2597
2022,4184,10,2,8.4,7,24,7.789,6.183,1.2597
2022,10827,10,0,11.4,5,22,10.711,8.503,1.2597
2022,9658,15,1,8.6,8,21,10.081,8.003,1.2597
2022,9436,2,2,10.8,10,26,7.963,6.321,1.2597
2022,7698,16,2,5.8,2,21,8.569,6.802,1.2597
2022,10409,13,2,11.0,7,21,9.832,7.805,1.2597
2022,8388,1,2,17.7,3,26,8.656,6.872,1.2597
2022,14099,8,1,10.2,5,21,9.266,7.355,1.2597
2022,11868,7,2,14.5,5,18,9.736,7.729,1.2597
2022,12754,10,0,7.0,7,19,9.551,7.582,1.2597
2022,5949,6,1,14.3,4,24,8.277,6.571,1.2597
2022,12514,1,0,16.6,2,20,9.729,7.723,1.2597
2022,12278,3,2,17.7,6,25,9.532,7.567,1.2597
2022,9284,13,2,12.8,8,22,10.185,8.085,1.2597
2022,9834,12,1,14.7,3,24,9.916,7.872,1.2597
2022,7843,12,1,6.9,4,23,8.276,6.57,1.2597
2022,9531,12,2,10.5,2,25,9.059,7.192,1.2597
2022,11712,4,1,8.8,5,28,8.877,7.047,1.2597
2022,8627,11,1,13.3,5,24,9.546,7.578,1.2597
2022,10390,5,1,9.9,4,24,8.465,6.719,1.2597
2022,16664,13,2,14.7,5,25,11.524,9.148,1.2597
2022,7853,7,2,21.9,12,20,10.947,8.69,1.2597
2022,11130,7,1,14.5,2,24,9.048,7.183,1.2597
2022,7715,6,0,17.6,6,19,9.837,7.809,1.2597
2022,6586,16,0,7.3,5,20,10.223,8.115,1.2597
2022,12298,10,0,11.7,7,21,10.48,8.32,1.2597
2022,9283,9,1,12.9,10,26,9.788,7.77,1.2597
2022,14298,12,2,12.3,3,22,10.515,8.347,1.2597
2022,11720,9,2,19.4,4,20,10.391,8.249,1.2597
2022,8335,13,2,9.0,10,24,9.476,7.522,1.2597
2022,8108,8,2,13.3,6,17,8.848,7.024,1.2597
2022,12102,6,1,2.3,4,16,6.538,5.19,1.2597
2022,7668,6,1,13.7,4,21,8.114,6.441,1.2597
2022,7598,17,2,14.0,5,21,10.422,8.273,1.2597
2022,6002,15,0,11.8,2,25,10.223,8.115,1.2597
2022,11858,7,2,13.6,3,26,9.79,7.772,1.2597
2022,8276,15,1,9.7,7,22,9.942,7.893,1.2597
2022,11199,14,2,7.1,9,21,9.626,7.641,1.2597
2022,7044,14,1,8.0,1,20,8.771,6.962,1.2597
2022,6204,5,1,8.6,3,22,7.373,5.853,1.2597
2022,12099,8,2,6.8,4,14,7.589,6.024,1.2597
2022,9904,14,1,6.7,3,21,8.54,6.779,1.2597
2022,8604,6,0,8.7,2,22,8.572,6.805,1.2597
2022,9084,7,2,10.6,2,20,7.905,6.275,1.2597
2022,9093,17,1,12.5,6,20,10.536,8.364,1.2597
2022,15386,15,2,7.1,3,21,9.995,7.934,1.2597
2022,10964,14,0,8.3,2,22,9.907,7.865,1.2597
2022,10647,2,2,9.5,1,25,6.976,5.538,1.2597
2022,8416,0,1,13.7,7,23,7.878,6.253,1.2597
2022,12267,12,0,7.2,4,25,10.35,8.216,1.2597
2022,7419,11,1,9.9,5,24,8.555,6.792,1.2597
2022,11597,8,2,15.9,3,22,9.518,7.556,1.2597
2022,11610,1,1,8.8,4,29,8.424,6.688,1.2597
2022,12844,8,0,7.0,4,20,9.769,7.755,1.2597
2022,5379,7,2,11.7,1,19,7.117,5.65,1.2597
2022,13118,4,1,8.7,2,22,8.251,6.55,1.2597
2022,11185,12,2,1.0,3,22,7.534,5.981,1.2597
2022,8414,1,2,12.8,4,22,7.303,5.798,1.2597
2022,4902,9,0,15.5,4,19,9.361,7.431,1.2597
2022,9284,5,1,11.9,4,28,8.408,6.674,1.2597
2022,10767,6,1,16.2,4,21,9.668,7.675,1.2597
2022,6500,2,2,14.6,3,19,7.163,5.686,1.2597
2022,8172,13,1,8.6,5,23,9.131,7.249,1.2597
2022,7141,15,1,20.2,3,25,11.591,9.201,1.2597
2022,9213,5,0,13.3,4,27,9.227,7.325,1.2597
2022,7579,7,0,13.7,10,15,9.797,7.777,1.2597
2022,15726,0,1,8.0,3,24,7.402,5.876,1.2597
2022,12459,14,0,5.8,6,27,10.174,8.077,1.2597
2022,7536,16,0,7.7,5,20,9.87,7.836,1.2597
2022,7900,17,1,15.7,5,21,10.814,8.585,1.2597
2022,6598,2,0,18.8,4,19,8.873,7.044,1.2597
2022,9924,5,0,13.2,1,20,8.722,6.924,1.2597
2022,14738,16,1,12.4,1,19,11.038,8.762,1.2597
2022,13293,12,0,15.9,8,25,12.349,9.804,1.2597
2022,10795,16,2,17.5,5,22,12.008,9.532,1.2597
2022,9565,15,0,6.2,4,13,9.66,7.669,1.2597
2022,11679,16,2,18.5,2,20,11.354,9.013,1.2597
2022,11000,0,1,10.5,10,20,7.882,6.257,1.2597
2022,11382,15,2,16.3,6,25,11.34,9.002,1.2597
2022,10793,5,0,7.7,4,22,8.484,6.735,1.2597
2022,11412,7,2,16.1,1,22,9.141,7.256,1.2597
2022,6748,0,2,6.3,3,24,5.853,4.646,1.2597
2022,9999,1,0,16.5,7,25,9.48,7.525,1.2597
2022,10884,14,0,14.6,12,23,12.431,9.868,1.2597
2022,9212,4,2,5.7,4,20,6.44,5.112,1.2597
2022,7181,14,2,17.1,7,17,10.96,8.701,1.2597
2022,10313,9,1,8.1,5,26,8.874,7.044,1.2597
2022,20670,4,1,16.6,7,30,11.578,9.191,1.2597
2022,8242,2,1,12.6,5,22,7.902,6.273,1.2597
2022,9944,5,1,7.0,4,23,7.497,5.951,1.2597
2022,13453,14,1,7.9,2,27,9.918,7.874,1.2597
2022,14733,17,1,24.0,4,17,13.77,10.931,1.2597
2022,8842,13,0,21.2,6,25,12.579,9.986,1.2597
2022,12712,9,0,11.2,5,23,10.664,8.465,1.2597
2022,12278,3,2,13.7,8,20,9.067,7.198,1.2597
2022,9034,10,2,16.8,3,20,9.892,7.853,1.2597
2022,11862,6,1,6.8,3,18,8.057,6.396,1.2597
2022,9867,14,2,14.8,5,25,10.754,8.537,1.2597
2022,8733,8,1,15.9,3,19,9.524,7.56,1.2597
2022,14598,14,1,13.4,4,23,10.883,8.639,1.2597
2022,11923,11,2,17.6,6,17,10.983,8.718,1.2597
2022,6096,17,2,12.6,2,26,10.072,7.996,1.2597
2022,9981,5,2,16.4,6,21,9.1,7.224,1.2597
2022,9001,17,0,12.9,6,25,11.539,9.16,1.2597
2022,9773,17,0,5.9,5,21,10.265,8.149,1.2597
2022,11590,5,2,15.8,2,20,8.873,7.044,1.2597
2022,11034,14,1,17.2,3,18,10.614,8.426,1.2597
2022,13885,4,0,11.4,6,25,9.636,7.65,1.2597
2022,13355,3,1,6.6,3,21,7.118,5.651,1.2597
2022,7265,16,1,15.5,3,23,10.609,8.422,1.2597
2022,10054,9,1,13.3,9,20,10.038,7.969,1.2597
2022,5433,11,1,13.2,4,22,8.639,6.858,1.2597
2022,7808,4,0,12.8,6,23,8.765,6.958,1.2597
2022,5061,6,0,16.0,1,17,8.409,6.676,1.2597
2022,6380,11,1,13.2,10,20,9.722,7.718,1.2597
2022,13800,1,1,10.1,2,27,8.266,6.562,1.2597
2022,12182,16,2,5.5,9,20,9.964,7.91,1.2597
2022,11843,12,0,10.2,7,25,10.983,8.719,1.2597
2022,13238,4,2,15.6,5,23,9.479,7.525,1.2597
2022,11832,4,1,10.7,5,24,8.184,6.497,1.2597
2022,10088,11,1,15.6,3,24,9.937,7.889,1.2597
2022,8827,11,1,6.3,4,22,8.668,6.881,1.2597
2022,14539,6,1,8.0,4,20,8.354,6.632,1.2597
2022,13566,5,1,7.7,3,20,9.047,7.182,1.2597
2022,9751,9,1,12.5,3,21,8.748,6.945,1.2597
2022,12210,15,2,19.2,5,26,12.122,9.623,1.2597
2022,3323,1,1,21.0,8,18,8.814,6.997,1.2597
2022,12336,3,2,16.2,12,21,9.69,7.692,1.2597
2022,9048,8,2,4.2,5,17,6.93,5.502,1.2597
2022,17081,4,1,9.0,6,20,8.919,7.081,1.2597
2022,13177,0,2,1.0,7,22,6.092,4.836,1.2597
2022,5368,10,2,12.7,3,26,8.548,6.786,1.2597
2022,8522,2,2,18.5,4,27,8.971,7.122,1.2597
2022,10451,0,0,15.3,4,17,8.91,7.073,1.2597
2022,10194,3,2,4.9,6,17,6.751,5.359,1.2597
2022,10081,8,2,17.6,3,22,9.971,7.915,1.2597
2022,12762,15,2,16.8,5,24,11.635,9.237,1.2597
2022,8948,6,1,18.2,4,17,9.14,7.256,1.2597
2022,10119,4,2,16.4,2,21,8.687,6.896,1.2597
2022,14115,12,2,9.9,5,25,10.645,8.45,1.2597
2022,14156,10,2,4.6,2,25,8.672,6.884,1.2597
2022,12744,13,1,16.7,3,21,10.788,8.564,1.2597
2022,9426,16,2,15.1,4,16,10.903,8.655,1.2597
2022,8532,11,0,4.1,6,25,9.195,7.3,1.2597
2022,10197,4,1,8.1,3,19,7.738,6.142,1.2597
2022,10371,7,2,8.3,9,24,8.464,6.719,1.2597
2022,10212,1,2,14.9,4,19,7.702,6.114,1.2597
2022,11691,16,2,11.9,4,22,10.637,8.444,1.2597
2022,11202,1,1,10.9,4,23,7.456,5.919,1.2597
2022,11097,2,1,10.3,5,26,7.961,6.32,1.2597
2022,9133,17,2,7.5,3,18,9.032,7.17,1.2597
2022,7303,14,1,15.9,4,19,9.932,7.884,1.2597
2022,12037,4,2,9.1,3,27,8.094,6.425,1.2597
2022,10452,16,1,16.6,3,23,11.401,9.051,1.2597
2022,11322,13,1,6.4,4,19,8.969,7.12,1.2597
2022,11392,0,0,10.0,4,24,8.059,6.398,1.2597
2022,5233,13,1,19.9,5,19,10.261,8.145,1.2597
2022,14604,8,1,12.9,5,23,10.068,7.992,1.2597
2022,8887,4,0,10.0,3,20,8.04,6.382,1.2597
2022,13735,3,1,9.5,2,26,7.865,6.243,1.2597
2022,11362,0,2,8.5,4,19,6.912,5.487,1.2597
2022,7604,2,2,13.8,1,14,6.874,5.457,1.2597
2022,8531,10,0,15.6,4,21,10.132,8.043,1.2597
2022,8577,15,2,13.0,1,20,9.515,7.554,1.2597
2022,8721,10,0,11.8,3,21,9.706,7.705,1.2597
2022,5877,9,0,14.4,4,24,9.345,7.419,1.2597
2022,8304,11,0,6.4,3,18,8.504,6.751,1.2597
2022,12718,4,2,13.5,6,20,8.807,6.992,1.2597
2022,12974,9,0,13.7,5,22,10.909,8.66,1.2597
2022,8609,12,0,13.1,3,20,10.426,8.277,1.2597
2022,5618,6,0,9.8,5,22,8.133,6.457,1.2597
2022,11877,15,2,8.9,5,24,10.019,7.953,1.2597
2022,7603,5,2,6.8,3,22,6.535,5.188,1.2597
2022,7798,9,0,17.9,5,25,10.646,8.451,1.2597
2022,9593,9,1,11.8,7,19,9.233,7.329,1.2597
2022,9359,10,2,10.3,2,20,8.508,6.754,1.2597
2022,8326,9,0,9.9,1,26,9.452,7.504,1.2597
2022,8552,13,0,8.2,5,20,9.693,7.694,1.2597
2022,9045,14,0,9.9,6,29,10.553,8.377,1.2597
2022,8515,6,2,16.8,8,25,9.527,7.563,1.2597
2022,8672,12,2,14.3,2,20,10.394,8.251,1.2597
2022,9536,10,0,15.3,5,24,11.135,8.839,1.2597
2022,11183,6,0,15.8,3,23,10.114,8.029,1.2597
2022,10923,10,2,20.8,5,18,11.036,8.761,1.2597
2022,8945,13,1,12.1,6,27,10.212,8.107,1.2597
2022,9508,16,1,10.3,4,24,10.173,8.076,1.2597
2022,13661,15,1,13.7,3,26,11.573,9.187,1.2597
2022,12767,0,2,14.6,4,25,8.618,6.841,1.2597
2022,11671,8,0,11.9,1,23,9.555,7.585,1.2597
2022,5872,8,2,8.4,4,25,7.348,5.833,1.2597
2022,10568,9,1,12.7,3,18,8.738,6.936,1.2597
2022,8611,14,0,14.2,4,28,11.2,8.891,1.2597
2022,7909,15,1,13.4,6,24,10.218,8.112,1.2597
2022,9401,10,2,4.6,4,16,7.2,5.715,1.2597
2022,12918,16,1,5.6,3,18,9.495,7.538,1.2597
2022,12521,12,0,14.9,5,23,11.941,9.48,1.2597
2022,8751,5,1,10.5,6,19,7.94,6.303,1.2597
2022,10512,14,2,20.9,3,24,11.599,9.208,1.2597
2022,9246,15,2,17.4,2,19,11.245,8.927,1.2597
2022,9700,3,1,6.9,5,18,6.683,5.305,1.2597
2022,12794,7,0,16.1,5,20,10.48,8.32,1.2597
2022,10142,6,1,18.4,4,30,10.4,8.256,1.2597
2022,5907,16,1,10.2,6,19,9.307,7.388,1.2597
2022,10647,15,2,11.7,6,26,10.512,8.345,1.2597
2022,14841,1,1,9.8,6,20,8.22,6.525,1.2597
2022,8550,16,1,7.5,4,22,9.42,7.478,1.2597
2022,14171,3,1,18.3,3,22,9.696,7.697,1.2597
2022,11844,13,1,1.6,4,22,8.287,6.579,1.2597
2022,13241,7,1,9.3,4,22,8.924,7.085,1.2597
2022,12489,4,1,10.3,5,23,8.573,6.805,1.2597
2022,10744,4,2,12.6,6,18,8.246,6.546,1.2597
2022,8767,4,1,7.0,5,22,7.149,5.675,1.2597
2022,10739,4,1,17.4,3,22,9.337,7.412,1.2597
2022,10883,2,0,4.7,5,24,8.117,6.443,1.2597
2022,12729,5,2,4.7,7,21,7.425,5.894,1.2597
2022,4672,0,0,12.2,7,24,8.201,6.51,1.2597
2022,6725,7,1,6.9,7,20,7.276,5.776,1.2597
2022,10891,12,1,12.8,1,20,9.298,7.382,1.2597
2022,11132,5,1,9.0,4,23,7.71,6.12,1.2597
2022,8132,17,2,15.2,10,19,11.857,9.413,1.2597
2022,11193,17,2,8.3,5,20,9.976,7.92,1.2597
2022,11996,15,2,17.8,4,21,11.782,9.353,1.2597
2022,9813,7,1,14.5,5,21,9.253,7.345,1.2597
2022,13874,16,1,9.0,4,22,10.949,8.692,1.2597
2022,14341,7,1,14.5,5,19,9.659,7.668,1.2597
2022,10604,14,1,12.6,4,24,10.131,8.043,1.2597
2022,12402,9,0,15.1,6,21,11.096,8.808,1.2597
2022,6059,0,2,14.4,2,23,6.714,5.33,1.2597
2022,12983,8,1,13.4,5,18,9.786,7.769,1.2597
2022,13965,16,1,12.3,6,13,11.624,9.228,1.2597
2022,7761,0,1,15.6,4,25,8.128,6.452,1.2597
2022,11842,8,2,16.7,2,23,9.902,7.861,1.2597
2022,5616,13,1,12.5,4,24,9.303,7.385,1.2597
2022,8333,4,1,14.4,5,26,8.566,6.8,1.2597
2022,8999,5,2,15.7,6,19,8.669,6.882,1.2597
2022,6613,4,2,18.4,4,17,8.895,7.061,1.2597
2022,9705,3,1,17.7,3,25,9.136,7.253,1.2597
2022,9540,15,1,16.1,7,24,11.16,8.859,1.2597
2022,11842,15,1,10.3,4,25,10.547,8.373,1.2597
2022,6515,9,2,6.7,4,27,7.769,6.167,1.2597
2022,11858,13,2,14.2,1,18,10.596,8.411,1.2597
2022,8327,12,1,14.2,2,25,10.05,7.978,1.2597
2022,7104,3,2,10.4,6,21,7.228,5.738,1.2597
2022,9809,13,0,6.7,3,25,9.299,7.382,1.2597
2022,12182,8,2,18.6,4,28,10.634,8.442,1.2597
2022,9089,2,1,13.7,2,22,7.617,6.047,1.2597
2022,11585,9,1,7.2,4,20,8.061,6.399,1.2597
2022,10997,14,2,11.5,3,18,9.698,7.698,1.2597
2022,18137,1,1,6.6,3,15,7.511,5.963,1.2597
2023,11675,8,2,15.7,2,20,11.55,8.489,1.3605
2023,11388,3,1,18.9,11,20,11.653,8.566,1.3605
2023,13640,17,0,8.2,7,21,13.925,10.235,1.3605
2023,16148,15,2,12.7,7,22,14.09,10.357,1.3605
2023,5828,9,1,16.4,6,24,10.567,7.767,1.3605
2023,12398,11,1,9.9,5,17,10.706,7.869,1.3605
2023,11498,10,2,14.7,5,26,12.419,9.129,1.3605
2023,14296,4,1,11.9,4,19,10.328,7.591,1.3605
2023,9832,10,2,16.8,5,23,11.842,8.704,1.3605
2023,10157,15,2,6.9,3,22,10.693,7.86,1.3605
2023,7872,14,1,7.6,3,20,10.208,7.503,1.3605
2023,13663,5,0,13.1,4,25,11.049,8.121,1.3605
2023,11440,12,2,12.4,5,20,11.69,8.593,1.3605
2023,13916,15,1,11.8,3,26,12.927,9.501,1.3605
2023,10023,2,0,14.3,7,24,9.965,7.324,1.3605
2023,9420,17,1,8.3,3,20,11.667,8.576,1.3605
2023,12918,0,2,6.5,8,18,7.808,5.739,1.3605
2023,10254,16,2,10.0,8,25,12.583,9.249,1.3605
2023,12678,5,2,10.4,6,19,9.374,6.89,1.3605
2023,12377,8,2,10.9,7,22,10.481,7.704,1.3605
2023,11367,3,2,17.1,7,24,10.41,7.651,1.3605
2023,9581,6,0,15.1,6,23,11.099,8.158,1.3605
2023,11994,10,2,14.1,5,21,12.589,9.253,1.3605
2023,9203,2,1,12.9,8,20,9.622,7.072,1.3605
2023,11344,15,0,10.3,4,24,13.026,9.574,1.3605
2023,15307,5,2,8.6,5,16,9.236,6.789,1.3605
2023,14200,6,1,7.2,4,23,9.595,7.053,1.3605
2023,9829,11,2,9.2,6,18,10.976,8.068,1.3605
2023,11782,6,0,11.8,4,19,11.057,8.127,1.3605
2023,9759,15,2,7.4,1,23,10.617,7.804,1.3605
2023,11804,17,0,12.7,6,20,14.293,10.506,1.3605
2023,8808,9,0,11.2,7,25,11.87,8.725,1.3605
2023,9461,0,1,10.4,7,24,7.731,5.683,1.3605
2023,15784,7,1,16.6,8,20,12.109,8.9,1.3605
2023,11432,2,1,2.2,6,21,6.809,5.005,1.3605
2023,9977,15,2,10.5,8,19,12.274,9.021,1.3605
2023,5781,2,2,2.6,10,23,6.589,4.843,1.3605
2023,11519,1,1,13.0,1,27,8.95,6.578,1.3605
2023,16565,11,0,15.0,4,18,13.666,10.045,1.3605
2023,9674,7,1,6.6,5,23,9.034,6.64,1.3605
2023,10139,17,1,7.1,6,23,11.953,8.786,1.3605
2023,11220,14,2,5.2,5,18,10.958,8.054,1.3605
2023,9517,16,1,12.3,8,19,12.977,9.538,1.3605
2023,16621,17,2,10.6,4,17,13.51,9.93,1.3605
2023,13551,17,0,10.9,3,24,14.066,10.339,1.3605
2023,12840,8,1,10.5,4,21,10.091,7.417,1.3605
2023,16386,4,2,8.1,6,20,9.713,7.139,1.3605
2023,15364,10,0,16.5,2,28,13.303,9.778,1.3605
2023,11296,3,2,13.1,5,17,8.84,6.497,1.3605
2023,10402,9,2,7.3,6,26,9.891,7.27,1.3605
2023,10377,3,2,9.2,2,16,7.737,5.687,1.3605
2023,9745,2,1,8.5,9,20,8.078,5.937,1.3605
2023,10552,15,2,17.6,3,17,12.927,9.501,1.3605
2023,9821,10,2,14.8,4,20,10.995,8.082,1.3605
2023,8285,8,1,11.5,7,20,10.325,7.589,1.3605
2023,5050,0,1,18.8,3,20,8.795,6.465,1.3605
2023,13714,9,0,17.8,2,23,12.948,9.517,1.3605
2023,4447,11,0,11.1,4,25,11.183,8.22,1.3605
2023,11987,1,2,10.4,3,22,8.525,6.266,1.3605
2023,13522,14,1,10.6,4,23,12.717,9.348,1.3605
2023,12200,15,2,8.2,5,27,11.912,8.756,1.3605
2023,10730,1,0,18.9,4,20,10.419,7.658,1.3605
2023,11641,12,1,8.0,7,25,11.136,8.186,1.3605
2023,10013,17,2,15.5,6,30,14.248,10.472,1.3605
2023,10868,10,0,14.8,3,27,12.663,9.308,1.3605
2023,10313,13,1,10.8,10,27,12.402,9.116,1.3605
2023,9382,2,2,19.2,2,24,9.659,7.1,1.3605
2023,14073,8,2,5.8,5,25,10.302,7.572,1.3605
2023,13278,4,2,11.7,2,21,9.543,7.015,1.3605
2023,10725,13,2,10.0,3,22,11.01,8.093,1.3605
2023,11219,6,2,15.8,3,21,10.946,8.046,1.3605
2023,9233,11,1,13.4,3,20,10.979,8.07,1.3605
2023,12001,17,2,5.1,5,22,12.476,9.17,1.3605
2023,10840,10,2,17.0,4,20,11.489,8.445,1.3605
2023,10275,8,1,13.9,4,22,11.072,8.138,1.3605
2023,11741,10,1,7.9,3,18,9.591,7.05,1.3605
2023,11312,17,1,10.6,3,20,12.123,8.911,1.3605
2023,8984,1,2,6.8,3,26,6.923,5.089,1.3605
2023,13349,12,0,11.3,9,23,13.341,9.806,1.3605
2023,13563,14,2,12.6,2,26,12.349,9.077,1.3605
2023,9398,7,1,10.7,5,20,9.715,7.14,1.3605
2023,19082,4,2,10.2,4,21,10.123,7.441,1.3605
2023,8738,4,1,5.5,2,23,7.744,5.692,1.3605
2023,12639,6,0,13.3,2,21,11.284,8.294,1.3605
2023,12507,11,2,4.3,7,18,10.15,7.46,1.3605
2023,12901,11,1,12.1,9,24,11.962,8.793,1.3605
2023,15373,8,1,4.8,7,19,9.734,7.155,1.3605
2023,10415,3,1,12.2,2,22,8.558,6.29,1.3605
2023,11206,7,1,12.0,3,16,9.834,7.228,1.3605
2023,12162,0,1,13.6,4,20,8.501,6.248,1.3605
2023,6891,10,2,15.4,7,22,10.861,7.983,1.3605
2023,11439,12,2,16.2,7,24,12.573,9.242,1.3605
2023,12102,17,2,5.6,5,18,12.585,9.25,1.3605
2023,9329,9,1,11.8,2,19,9.952,7.315,1.3605
2023,16558,12,1,20.0,5,27,14.962,10.997,1.3605
2023,11754,11,0,12.5,5,28,12.858,9.451,1.3605
2023,9257,12,2,8.7,5,24,11.017,8.098,1.3605
2023,9670,1,1,11.7,5,26,8.869,6.519,1.3605
2023,9123,2,2,10.5,8,21,8.594,6.316,1.3605
2023,9208,16,1,7.3,3,24,11.251,8.27,1.3605
2023,11944,11,0,15.5,5,24,13.037,9.583,1.3605
2023,12171,15,0,14.3,2,19,13.819,10.157,1.3605
2023,12227,9,2,6.7,6,23,9.943,7.308,1.3605
2023,12793,14,1,11.6,4,21,12.045,8.854,1.3605
2023,12157,7,1,9.7,11,23,11.082,8.145,1.3605
2023,16542,4,2,5.6,8,20,9.851,7.241,1.3605
2023,13364,11,2,6.3,4,18,10.028,7.371,1.3605
2023,8514,9,0,6.9,4,22,10.38,7.63,1.3605
2023,11186,13,0,11.8,5,24,13.515,9.934,1.3605
2023,8279,11,1,10.2,5,24,10.285,7.56,1.3605
2023,11155,12,1,8.2,4,17,10.316,7.582,1.3605
2023,7582,16,2,10.4,8,23,12.159,8.937,1.3605
2023,10516,0,1,15.0,7,24,9.4,6.909,1.3605
2023,10830,9,2,13.4,7,22,10.922,8.028,1.3605
2023,7739,4,0,16.0,2,25,10.084,7.412,1.3605
2023,11139,10,0,11.1,6,18,11.623,8.543,1.3605
2023,10167,9,2,18.4,7,19,11.665,8.574,1.3605
2023,8365,5,0,13.4,3,24,10.1,7.424,1.3605
2023,13407,14,2,10.0,5,21,11.916,8.758,1.3605
2023,10231,8,2,12.4,3,26,10.305,7.574,1.3605
2023,13914,7,0,7.0,5,23,10.379,7.628,1.3605
2023,11613,5,1,10.8,5,19,9.262,6.808,1.3605
2023,10123,5,1,13.7,6,19,9.664,7.103,1.3605
2023,8682,16,2,14.4,2,16,12.354,9.081,1.3605
2023,8166,11,1,10.4,9,24,11.048,8.12,1.3605
2023,11568,6,1,22.9,9,22,12.433,9.139,1.3605
2023,12011,4,0,11.3,4,25,10.152,7.462,1.3605
2023,9000,15,2,5.3,4,23,10.847,7.973,1.3605
2023,8079,5,0,16.9,2,22,10.854,7.978,1.3605
2023,12848,7,0,14.4,3,24,11.538,8.481,1.3605
2023,12959,2,2,12.9,10,22,9.636,7.083,1.3605
2023,9033,7,1,10.1,9,21,9.717,7.142,1.3605
2023,10638,6,0,13.6,8,22,11.414,8.39,1.3605
2023,12392,16,2,18.5,6,25,14.634,10.756,1.3605
2023,8345,13,2,12.8,3,19,11.334,8.33,1.3605
2023,8908,5,0,6.1,6,25,8.913,6.551,1.3605
2023,13145,6,0,1.0,8,22,9.295,6.832,1.3605
2023,8872,4,0,13.5,5,21,9.707,7.135,1.3605
2023,11272,6,0,8.1,5,23,10.034,7.375,1.3605
2023,11346,8,2,11.6,2,26,10.254,7.537,1.3605
2023,8107,11,1,8.8,3,26,9.996,7.347,1.3605
2023,13556,14,2,8.5,8,23,12.566,9.236,1.3605
2023,7204,14,1,8.9,11,24,11.705,8.603,1.3605
2023,11796,15,2,9.3,4,22,11.984,8.809,1.3605
2023,9952,14,1,15.1,5,20,12.345,9.074,1.3605
2023,11358,4,2,14.3,4,23,9.679,7.114,1.3605
2023,10513,11,1,7.2,3,21,9.804,7.207,1.3605
2023,8271,3,2,7.7,3,19,6.991,5.138,1.3605
2023,10352,2,1,13.5,5,21,9.26,6.807,1.3605
2023,12294,0,1,16.2,4,17,9.173,6.742,1.3605
2023,10493,12,2,16.1,5,18,12.474,9.169,1.3605
2023,9909,4,0,8.0,5,28,9.276,6.818,1.3605
2023,6141,11,1,16.0,2,25,11.898,8.745,1.3605
2023,8878,1,2,4.9,1,21,6.064,4.457,1.3605
2023,9247,5,2,11.2,1,24,8.811,6.477,1.3605
2023,13196,4,1,13.9,1,19,9.506,6.987,1.3605
2023,10130,17,1,3.7,4,24,11.318,8.319,1.3605
2023,12368,4,1,20.4,7,23,12.008,8.826,1.3605
2023,9157,17,2,17.3,2,20,13.192,9.697,1.3605
2023,5939,15,1,14.6,2,21,11.291,8.299,1.3605
2023,13558,16,2,8.1,7,21,13.063,9.602,1.3605
2023,9173,1,0,11.7,1,25,8.874,6.522,1.3605
2023,13433,16,1,15.2,6,22,13.702,10.071,1.3605
2023,10555,9,1,7.5,7,17,9.383,6.897,1.3605
2023,14550,2,2,11.3,3,21,9.262,6.808,1.3605
2023,19058,13,1,15.6,5,20,14.053,10.33,1.3605
2023,12208,11,0,6.0,7,18,11.513,8.463,1.3605
2023,7687,0,0,13.3,6,20,8.371,6.153,1.3605
2023,12474,6,1,5.0,11,16,9.147,6.724,1.3605
2023,12039,6,0,8.2,4,19,9.77,7.181,1.3605
2023,8014,12,0,10.0,9,23,11.921,8.762,1.3605
2023,9451,8,2,14.1,9,23,10.809,7.945,1.3605
2023,9999,4,1,9.2,7,24,8.821,6.484,1.3605
2023,11984,3,1,12.5,5,25,10.131,7.446,1.3605
2023,8811,4,2,9.3,3,26,8.075,5.936,1.3605
2023,8503,11,1,9.9,4,19,10.332,7.595,1.3605
2023,8168,7,2,17.0,6,18,10.942,8.043,1.3605
2023,6419,12,1,7.4,4,22,9.493,6.977,1.3605
2023,12671,3,1,15.0,4,24,10.506,7.722,1.3605
2023,11307,10,1,12.0,7,19,11.213,8.241,1.3605
2023,13074,14,1,9.7,2,23,12.409,9.121,1.3605
2023,9314,13,1,7.1,2,27,10.539,7.746,1.3605
2023,9236,17,1,7.4,5,18,12.004,8.823,1.3605
2023,11956,0,2,9.0,5,22,7.707,5.664,1.3605
2023,13324,0,1,11.4,3,25,8.186,6.017,1.3605
2023,13562,10,0,14.4,4,21,12.613,9.271,1.3605
2023,8311,5,1,10.8,6,23,8.785,6.457,1.3605
2023,13466,4,2,11.1,4,25,9.905,7.28,1.3605
2023,14860,12,1,11.7,1,21,12.319,9.055,1.3605
2023,12155,9,0,13.9,2,19,12.762,9.38,1.3605
2023,13994,5,2,14.6,3,22,10.616,7.803,1.3605
2023,12409,3,2,6.5,9,19,8.292,6.095,1.3605
2023,8296,3,0,10.9,3,20,8.581,6.307,1.3605
2023,13435,6,2,16.9,5,23,11.198,8.231,1.3605
2023,12070,15,1,6.7,3,23,11.38,8.365,1.3605
2023,8549,0,2,12.3,2,25,7.766,5.708,1.3605
2023,9680,8,2,11.3,5,23,10.353,7.61,1.3605
2023,12131,14,2,9.7,6,20,12.024,8.838,1.3605
2023,17093,8,2,18.4,4,19,12.386,9.104,1.3605
2023,15599,0,0,12.1,9,24,10.456,7.685,1.3605
2023,6101,0,0,18.0,10,23,9.713,7.139,1.3605
2023,11102,15,1,12.0,5,21,12.108,8.9,1.3605
2023,14822,4,0,13.8,5,23,11.467,8.428,1.3605
2023,10091,8,1,9.7,3,20,9.265,6.81,1.3605
2023,9837,0,2,9.7,6,15,7.812,5.742,1.3605
2023,9753,15,1,13.6,6,25,12.544,9.22,1.3605
2023,13212,2,1,13.7,3,24,9.373,6.89,1.3605
2023,12061,3,1,14.4,5,22,9.759,7.173,1.3605
2023,12433,11,2,13.5,7,19,12.041,8.851,1.3605
2023,10609,6,0,6.7,6,21,9.619,7.07,1.3605
2023,15473,14,1,8.8,7,17,12.164,8.941,1.3605
2023,10317,14,2,15.4,3,22,12.415,9.125,1.3605
2023,13300,4,2,4.2,7,16,8.243,6.059,1.3605
2023,5910,1,2,13.2,5,22,7.678,5.644,1.3605
2023,11005,11,2,11.6,8,20,11.624,8.544,1.3605
2023,9925,4,1,15.4,8,22,9.927,7.297,1.3605
2023,11358,2,2,13.7,7,19,9.359,6.879,1.3605
2023,7040,5,1,9.3,6,27,9.003,6.618,1.3605
2023,15188,12,0,9.2,6,23,12.684,9.323,1.3605
2023,11517,14,1,9.9,6,20,11.71,8.607,1.3605
2023,16723,3,0,14.3,12,21,12.021,8.836,1.3605
2023,13061,6,1,2.8,5,27,9.132,6.712,1.3605
2023,11762,17,1,12.6,7,19,14.403,10.586,1.3605
2023,11140,6,1,8.5,4,19,8.927,6.562,1.3605
2023,12761,11,1,12.8,6,19,12.521,9.203,1.3605
2023,12995,10,2,13.4,6,20,11.959,8.79,1.3605
2023,12361,11,1,5.4,6,26,10.451,7.682,1.3605
2023,16758,14,2,11.1,2,20,12.71,9.342,1.3605
2023,13994,7,0,12.6,4,21,11.601,8.527,1.3605
2023,9518,10,2,12.4,4,23,10.823,7.955,1.3605
2023,9116,17,2,11.5,2,22,12.139,8.922,1.3605
2023,12207,9,2,7.1,6,25,10.569,7.768,1.3605
2023,11567,7,1,7.7,6,24,9.7,7.13,1.3605
2023,11796,5,1,6.5,2,23,8.392,6.169,1.3605
2023,7044,2,0,14.2,5,21,9.147,6.723,1.3605
2023,13328,11,1,11.5,4,25,11.819,8.687,1.3605
2023,10166,16,1,11.8,4,20,12.049,8.856,1.3605
2023,16666,2,2,5.2,5,19,8.036,5.907,1.3605
2023,11688,17,1,11.9,8,21,13.207,9.707,1.3605
2023,10824,11,0,14.5,5,25,12.842,9.439,1.3605
2023,12330,15,1,4.6,5,19,10.997,8.083,1.3605
2023,9458,9,0,9.9,6,20,11.148,8.194,1.3605
2023,15290,8,2,5.7,4,23,10.436,7.671,1.3605
2023,17037,13,2,10.3,8,22,13.031,9.578,1.3605
2023,12929,13,1,8.4,4,21,11.945,8.78,1.3605
2023,12768,3,1,13.5,3,23,9.269,6.813,1.3605
2023,9631,14,2,12.7,9,21,12.282,9.027,1.3605
2023,11078,1,0,17.2,6,25,10.799,7.937,1.3605
2023,12461,17,2,11.8,1,23,13.157,9.671,1.3605
2023,8229,1,2,13.4,6,25,8.586,6.311,1.3605
2023,15045,17,1,9.8,6,20,13.201,9.703,1.3605
2023,7264,7,0,7.6,2,22,9.206,6.766,1.3605
2023,5927,9,0,15.3,6,16,10.986,8.075,1.3605
2023,15458,3,2,17.0,6,26,11.242,8.263,1.3605
2023,13047,9,0,14.8,3,29,13.239,9.731,1.3605
2023,8742,9,1,12.5,5,21,10.175,7.479,1.3605
2023,11489,2,2,8.1,3,23,7.774,5.714,1.3605
2023,11690,3,2,16.6,9,22,10.319,7.584,1.3605
2023,11358,9,1,14.3,6,18,10.965,8.06,1.3605
2023,8517,6,1,20.1,5,26,11.529,8.474,1.3605
2023,11890,11,1,7.4,9,21,11.024,8.103,1.3605
2023,14011,6,1,15.5,6,16,10.812,7.947,1.3605
2023,6783,12,1,14.2,5,20,11.461,8.424,1.3605
2023,9889,7,2,10.6,5,18,9.709,7.136,1.3605
2023,8198,12,0,17.5,4,22,12.807,9.414,1.3605
2023,9191,0,0,13.6,3,22,9.458,6.952,1.3605
2023,12046,15,1,8.3,5,26,12.006,8.825,1.3605
2023,7860,12,1,11.5,3,27,10.922,8.028,1.3605
2023,15441,6,2,8.2,7,28,10.911,8.02,1.3605
2023,11273,14,2,10.1,5,19,11.655,8.567,1.3605
2023,10133,5,2,14.8,4,24,10.504,7.721,1.3605
2023,6359,3,2,16.0,8,24,9.136,6.715,1.3605
2023,11455,10,2,12.9,3,20,10.956,8.053,1.3605
2023,11238,1,1,9.0,4,23,7.621,5.602,1.3605
2023,7788,16,1,13.5,3,23,12.025,8.839,1.3605
2023,8620,14,2,14.9,7,21,12.555,9.228,1.3605
2023,15403,17,0,4.1,3,26,13.041,9.586,1.3605
2023,10125,11,1,12.5,9,23,11.613,8.536,1.3605
2023,11209,2,1,11.2,3,21,8.603,6.324,1.3605
2023,12482,16,1,15.8,3,18,13.283,9.763,1.3605
2023,10715,13,1,13.5,3,25,12.091,8.887,1.3605
2023,14483,5,2,13.9,3,22,10.524,7.736,1.3605
2023,9271,3,1,10.1,6,22,8.814,6.479,1.3605
2023,10036,7,2,12.0,8,19,9.997,7.348,1.3605
2023,10071,2,1,15.8,1,25,8.835,6.494,1.3605
2023,9116,7,1,11.7,3,19,9.57,7.034,1.3605
2023,8905,12,0,12.7,7,15,11.79,8.666,1.3605
2023,11174,14,1,5.9,3,20,10.875,7.993,1.3605
2023,14474,6,2,11.7,7,23,10.696,7.862,1.3605
2023,8155,2,1,4.0,2,23,6.599,4.851,1.3605
2023,10629,9,1,9.9,6,22,11.112,8.167,1.3605
2023,13009,15,1,12.3,4,21,12.408,9.12,1.3605
2023,16048,13,0,15.1,5,22,14.201,10.438,1.3605
2023,13448,7,1,8.0,3,30,9.827,7.223,1.3605
2023,10585,10,1,13.5,6,23,11.709,8.607,1.3605
2023,9698,1,1,17.9,6,21,9.852,7.241,1.3605
2023,13923,4,2,9.4,7,22,9.381,6.896,1.3605
2023,13307,10,2,5.8,3,21,10.418,7.657,1.3605
2023,11140,6,1,13.2,2,22,10.153,7.463,1.3605
2023,10581,7,1,7.2,8,19,9.114,6.699,1.3605
2023,16143,16,2,8.7,2,24,12.57,9.239,1.3605
2023,15760,11,2,15.7,8,23,13.464,9.896,1.3605
2023,12080,17,0,19.5,4,20,15.063,11.072,1.3605
2023,11616,6,1,8.0,7,25,9.913,7.287,1.3605
2023,8228,8,1,9.1,4,16,9.937,7.304,1.3605
2023,11212,13,0,10.2,7,28,12.664,9.308,1.3605
2023,14120,17,0,9.8,3,28,13.825,10.161,1.3605
2023,6272,14,0,19.7,5,27,14.394,10.58,1.3605
2023,12606,3,2,9.9,6,21,9.366,6.884,1.3605
2023,12820,12,1,10.4,8,23,11.791,8.667,1.3605
2023,12827,4,1,18.5,7,20,11.077,8.142,1.3605
2023,9467,11,2,14.3,5,23,11.9,8.747,1.3605
2023,10295,16,2,15.9,9,22,14.153,10.403,1.3605
2023,9549,9,1,8.4,6,21,9.876,7.259,1.3605
2023,16073,11,1,9.9,9,21,12.621,9.277,1.3605
2023,14994,5,0,7.8,6,22,10.911,8.02,1.3605
2023,12032,11,1,15.2,9,30,12.846,9.442,1.3605
2023,11183,12,1,16.9,5,26,12.961,9.526,1.3605
2023,11080,16,1,9.6,8,22,12.289,9.033,1.3605
2023,10317,9,1,10.5,4,21,10.841,7.968,1.3605
2023,6402,4,2,10.7,5,24,8.281,6.087,1.3605
2023,11200,4,1,5.8,1,20,7.389,5.431,1.3605
2023,16169,7,1,9.3,2,21,10.107,7.429,1.3605
2023,11833,16,0,15.1,2,16,13.547,9.957,1.3605
2023,9555,2,2,8.5,2,22,7.193,5.287,1.3605
2023,11748,15,2,12.4,2,22,12.484,9.176,1.3605
2023,10549,5,2,6.8,2,20,8.4,6.175,1.3605
2023,8611,9,2,11.4,2,23,10.268,7.547,1.3605
2023,8301,15,0,9.7,11,22,12.926,9.501,1.3605
2023,11190,12,1,7.1,6,20,10.429,7.665,1.3605
2023,7447,2,1,15.2,3,24,8.736,6.421,1.3605
2023,11142,7,1,15.4,3,21,10.722,7.881,1.3605
2023,10887,7,0,8.1,5,19,9.794,7.199,1.3605
2023,12900,6,1,11.1,5,17,9.975,7.332,1.3605
2023,10699,10,1,12.2,2,26,11.086,8.148,1.3605
2023,8470,2,1,4.7,5,22,6.717,4.937,1.3605
2023,11485,6,2,6.4,7,22,9.17,6.74,1.3605
2023,13711,10,1,17.1,6,22,12.824,9.426,1.3605
2023,9779,16,0,7.7,3,26,12.462,9.16,1.3605
2023,15116,17,0,17.0,6,22,15.449,11.355,1.3605
2023,11388,8,2,6.6,1,27,9.569,7.033,1.3605
2023,10206,12,2,14.6,11,22,12.861,9.453,1.3605
2023,9535,14,0,10.8,4,14,11.734,8.624,1.3605
2023,11589,14,0,11.3,5,26,13.384,9.838,1.3605
2023,10867,6,2,19.4,4,23,11.259,8.275,1.3605
2023,7885,2,1,7.0,1,20,7.469,5.49,1.3605
2023,15079,7,2,14.4,5,21,11.534,8.478,1.3605
2023,10259,12,1,14.2,6,21,11.737,8.627,1.3605
2023,15058,15,0,24.0,7,18,16.739,12.304,1.3605
2023,8371,2,2,7.7,6,25,8.274,6.082,1.3605
2023,13504,0,1,9.5,8,21,8.736,6.421,1.3605
2023,14489,2,1,15.3,4,19,10.13,7.446,1.3605
2023,14281,15,1,11.2,11,30,13.67,10.048,1.3605
2023,12100,0,2,10.1,7,19,7.99,5.873,1.3605
2023,13591,17,0,15.8,8,22,15.611,11.475,1.3605
2023,12271,13,1,10.9,6,15,11.994,8.816,1.3605
2023,8524,6,0,8.4,7,26,10.588,7.783,1.3605
2023,12133,2,2,14.9,2,21,9.254,6.802,1.3605
2023,8373,15,1,13.5,6,24,12.722,9.351,1.3605
2023,8037,5,1,10.7,3,19,8.476,6.23,1.3605
2023,11800,17,1,10.6,6,17,12.688,9.326,1.3605
2023,9623,12,2,8.3,6,20,10.884,8.0,1.3605
2023,15074,1,2,14.9,3,26,9.937,7.304,1.3605
2023,15311,11,1,10.6,9,24,12.592,9.255,1.3605
2023,17946,3,2,8.9,3,17,9.592,7.05,1.3605
2023,7690,8,1,6.9,6,15,8.437,6.201,1.3605
2023,8275,4,0,13.6,5,21,9.652,7.095,1.3605
2023,13272,9,2,10.0,2,25,10.771,7.917,1.3605
2023,10310,5,1,3.9,6,20,7.671,5.638,1.3605
2023,9292,0,2,7.2,6,25,7.071,5.197,1.3605
2023,10142,4,2,11.1,4,22,9.548,7.018,1.3605
2023,10919,5,1,11.2,8,27,9.972,7.329,1.3605
2023,12756,10,0,11.0,2,20,11.227,8.252,1.3605
2023,6567,14,2,10.5,6,22,11.347,8.34,1.3605
2023,12120,1,1,6.1,7,20,7.677,5.643,1.3605
2023,10620,14,1,8.5,4,25,11.249,8.268,1.3605
2023,9118,6,0,16.7,4,24,11.356,8.347,1.3605
2023,14571,16,1,16.1,7,17,14.041,10.32,1.3605
2023,10026,11,2,14.3,5,24,11.64,8.556,1.3605
2023,10242,11,1,14.0,1,18,10.621,7.807,1.3605
2023,10401,4,2,15.6,3,19,9.949,7.313,1.3605
2023,15003,6,2,7.5,5,24,10.17,7.476,1.3605
2023,11372,1,1,12.1,3,18,7.972,5.86,1.3605
2023,10926,12,1,7.5,4,21,10.214,7.507,1.3605
2023,13310,8,2,7.6,5,24,10.178,7.481,1.3605
2023,5517,14,2,13.5,4,23,11.079,8.143,1.3605
2023,11607,14,1,15.8,1,23,12.785,9.397,1.3605
2023,11645,0,1,11.2,9,24,8.681,6.381,1.3605
2023,13168,2,1,18.6,3,26,10.41,7.652,1.3605
2023,11834,0,1,12.8,10,18,9.123,6.706,1.3605
2023,8276,12,1,8.9,2,23,10.11,7.431,1.3605
2023,6953,14,2,7.7,2,25,10.303,7.573,1.3605
2023,12694,12,0,16.1,4,24,13.355,9.816,1.3605
2023,9872,17,2,12.5,7,22,13.313,9.785,1.3605
2023,10279,16,2,14.7,5,21,12.841,9.438,1.3605
2023,8957,0,1,1.4,2,24,5.173,3.802,1.3605
2023,11135,14,0,13.0,6,23,13.566,9.971,1.3605
2023,10919,3,2,10.0,6,25,8.668,6.371,1.3605
2023,8046,1,2,6.4,4,22,6.857,5.04,1.3605
2023,13027,7,2,11.7,4,21,10.491,7.711,1.3605
2023,9316,15,1,16.4,3,17,12.651,9.299,1.3605
2023,14666,7,0,21.1,1,21,13.372,9.829,1.3605
2023,11629,9,2,13.0,5,18,11.03,8.107,1.3605
2023,10882,15,1,9.2,4,17,11.418,8.392,1.3605
2023,7328,4,2,8.9,2,19,8.112,5.963,1.3605
2023,12451,5,0,15.9,2,24,11.806,8.677,1.3605
2023,11000,9,2,8.0,8,21,10.256,7.538,1.3605
2023,11528,4,0,14.5,6,23,10.706,7.869,1.3605
2023,14392,12,2,13.2,4,24,12.235,8.993,1.3605
2023,13274,14,1,12.7,4,22,12.317,9.053,1.3605
2023,13887,7,2,5.7,3,20,9.077,6.672,1.3605
2023,5071,10,0,10.6,3,21,10.226,7.517,1.3605
2023,10577,0,1,6.2,5,24,7.03,5.167,1.3605
2023,7120,3,0,9.6,4,22,8.287,6.091,1.3605
2023,12280,12,2,15.7,7,14,12.502,9.189,1.3605
2023,6395,6,1,16.9,7,21,10.168,7.473,1.3605
2023,13734,6,1,12.9,5,24,10.432,7.668,1.3605
2023,15025,5,0,9.7,5,23,10.979,8.07,1.3605
2023,10640,7,1,18.4,4,19,11.298,8.304,1.3605
2023,11956,11,1,9.7,3,20,10.601,7.792,1.3605
2023,14980,17,1,7.5,4,16,12.547,9.222,1.3605
2023,16321,14,2,14.8,2,24,13.325,9.794,1.3605
2023,15316,15,0,13.8,2,24,14.313,10.521,1.3605
2023,12447,0,2,9.8,6,22,8.441,6.204,1.3605
2023,15135,9,2,12.4,7,21,11.568,8.503,1.3605
2023,8686,14,2,13.8,2,19,11.338,8.334,1.3605
2023,9389,12,2,12.8,4,23,11.386,8.369,1.3605
2023,13439,12,1,13.8,7,17,12.589,9.253,1.3605
2023,11168,8,2,10.0,2,24,10.048,7.386,1.3605
2023,12787,15,0,14.1,6,24,14.554,10.697,1.3605
2023,13389,13,0,12.1,5,26,13.405,9.853,1.3605
2023,13427,8,2,10.1,9,22,12.026,8.839,1.3605
2023,6471,17,2,11.0,5,20,11.862,8.719,1.3605
2023,12803,3,0,11.6,3,23,9.742,7.161,1.3605
2023,9521,11,0,6.2,5,24,11.435,8.405,1.3605
2023,11739,4,1,9.5,2,19,8.218,6.041,1.3605
2023,9988,10,0,12.3,12,22,12.355,9.081,1.3605
2023,10043,4,2,6.6,8,23,8.277,6.084,1.3605
2023,9550,6,0,9.5,6,23,10.409,7.651,1.3605
2023,12998,3,0,21.5,4,21,12.042,8.851,1.3605
2023,10680,7,1,7.5,10,24,9.868,7.253,1.3605
2023,10477,5,2,10.5,3,19,8.808,6.474,1.3605
2023,10269,5,2,8.7,3,28,9.057,6.657,1.3605
2023,12568,3,2,11.5,6,20,9.008,6.621,1.3605
2023,8964,13,1,8.7,5,23,10.552,7.756,1.3605
2023,15074,2,2,11.0,6,20,9.291,6.829,1.3605
2023,9462,9,1,9.1,5,22,9.588,7.048,1.3605
2023,10006,5,2,16.2,6,19,10.655,7.831,1.3605
2023,11153,17,1,12.3,6,25,13.746,10.104,1.3605
2023,12284,9,1,8.0,8,20,10.513,7.727,1.3605
2023,10641,8,1,15.4,2,22,10.65,7.828,1.3605
2023,10513,15,1,8.2,5,22,11.885,8.736,1.3605
2023,13806,3,0,5.7,4,20,9.001,6.616,1.3605
2023,5421,10,2,12.0,2,14,9.092,6.682,1.3605
2023,9659,11,1,19.6,6,25,12.949,9.518,1.3605
2023,9037,9,1,4.7,7,22,9.042,6.646,1.3605
2023,10087,6,1,6.7,6,17,8.335,6.126,1.3605
2023,14582,6,0,15.0,9,16,12.312,9.05,1.3605
2023,9394,17,2,9.4,4,21,12.227,8.987,1.3605
2023,10865,2,1,14.4,5,22,8.967,6.591,1.3605
2023,12469,11,2,8.7,3,21,11.11,8.166,1.3605
2023,9140,13,0,12.6,1,26,12.142,8.925,1.3605
2023,5381,1,2,19.0,8,17,9.045,6.648,1.3605
2023,4704,8,1,7.2,5,23,8.063,5.926,1.3605
2023,14430,9,2,16.1,7,24,12.255,9.008,1.3605
2023,12234,5,0,14.7,7,24,11.823,8.69,1.3605
2023,10281,16,2,6.0,5,25,11.257,8.274,1.3605
2023,10245,14,1,14.2,2,22,12.122,8.91,1.3605
2023,8974,0,1,12.3,6,23,8.278,6.084,1.3605
2023,11503,12,0,12.4,3,21,12.445,9.147,1.3605
2023,12908,9,2,13.3,9,17,11.42,8.394,1.3605
2023,8862,11,0,10.6,2,23,11.231,8.255,1.3605
2023,11746,15,1,12.3,3,21,12.992,9.55,1.3605
2023,8941,1,2,13.0,11,20,8.684,6.383,1.3605
2023,10871,2,2,15.0,6,23,9.344,6.868,1.3605
2023,9697,7,2,5.9,1,23,8.392,6.169,1.3605
2023,13373,14,1,17.2,8,20,13.825,10.162,1.3605
2023,11119,17,1,7.4,8,23,12.247,9.002,1.3605
2023,8222,0,1,15.0,8,22,8.341,6.131,1.3605
2023,10893,1,2,12.3,3,23,8.374,6.155,1.3605
2023,13568,4,2,6.9,8,26,9.577,7.039,1.3605
2023,8080,17,2,14.1,7,23,12.868,9.458,1.3605
2023,10412,15,2,8.2,4,23,11.885,8.736,1.3605
2023,10106,9,2,16.3,6,19,11.423,8.396,1.3605
2023,11625,2,2,9.2,7,20,8.816,6.48,1.3605
2023,10569,9,1,6.0,2,23,9.328,6.856,1.3605
2023,12016,12,2,18.1,8,17,13.011,9.563,1.3605
2023,9309,9,2,12.7,12,21,11.161,8.203,1.3605
2023,10667,10,0,15.5,6,20,12.779,9.393,1.3605
2023,10586,6,0,8.6,2,22,9.814,7.214,1.3605
2023,15576,1,0,4.4,3,21,8.204,6.03,1.3605
2023,11882,17,2,18.7,5,22,14.505,10.661,1.3605
2023,13211,10,2,12.0,8,23,11.866,8.722,1.3605
2023,15703,16,1,14.0,5,25,14.176,10.42,1.3605
2023,11729,2,2,14.6,1,25,8.925,6.56,1.3605
2023,10527,11,0,10.7,4,21,11.689,8.592,1.3605
2023,8632,1,2,12.9,7,20,8.238,6.055,1.3605
2023,8017,0,2,18.4,12,20,9.534,7.008,1.3605
2023,5704,8,2,11.9,1,21,9.154,6.729,1.3605
2023,13312,7,0,15.8,6,19,12.086,8.884,1.3605
2023,12244,8,2,4.0,2,23,8.569,6.299,1.3605
2023,10518,6,1,16.5,1,25,10.535,7.743,1.3605
2023,10454,3,1,5.9,12,17,7.969,5.857,1.3605
2023,8599,15,1,16.0,5,22,12.979,9.54,1.3605
2023,12339,5,2,13.6,9,27,11.161,8.204,1.3605
2023,9595,17,2,11.6,3,18,12.103,8.896,1.3605
2023,10442,1,1,11.6,4,26,8.767,6.444,1.3605
2023,8325,10,2,11.0,3,19,10.215,7.508,1.3605
2023,8761,4,1,8.7,1,20,8.007,5.886,1.3605
2023,13429,16,1,11.2,4,24,13.327,9.796,1.3605
2023,13881,4,1,20.8,6,24,11.601,8.527,1.3605
2023,8007,2,1,17.2,5,22,9.354,6.875,1.3605
2023,12586,7,2,8.5,4,20,9.592,7.051,1.3605
2023,9250,10,2,13.1,6,18,11.235,8.258,1.3605
2023,9854,2,1,12.4,4,22,9.071,6.667,1.3605
2023,14102,2,2,11.4,2,21,8.875,6.523,1.3605
2023,10385,0,1,8.0,7,20,7.439,5.468,1.3605
2023,10364,12,0,13.8,3,21,12.327,9.061,1.3605
2023,6996,9,1,15.4,3,23,10.518,7.731,1.3605
2023,10255,5,2,8.7,4,25,8.879,6.526,1.3605
2023,9536,10,2,19.8,4,23,12.006,8.825,1.3605
2023,12248,7,0,18.1,5,21,12.853,9.447,1.3605
2023,9744,10,1,14.2,1,20,10.483,7.705,1.3605
2023,14159,5,0,7.1,1,20,9.607,7.061,1.3605
2023,12090,11,0,13.6,5,23,12.667,9.311,1.3605
2023,11593,17,2,13.1,2,23,13.153,9.667,1.3605
2023,12857,2,1,14.1,2,21,9.125,6.707,1.3605
2023,11602,12,2,18.4,7,25,13.54,9.952,1.3605
2023,12918,3,1,11.3,2,22,9.497,6.98,1.3605
2023,10732,8,0,20.2,5,21,12.765,9.383,1.3605
2023,10879,15,1,13.6,5,20,12.381,9.1,1.3605
2023,9088,11,0,10.8,6,20,11.548,8.488,1.3605
2023,9315,6,2,21.6,6,23,11.52,8.467,1.3605
2023,14351,11,0,15.3,3,20,13.559,9.966,1.3605
2023,12266,7,0,10.2,6,22,11.49,8.446,1.3605
2023,7252,14,2,12.3,9,19,12.022,8.837,1.3605
2023,13744,1,2,14.5,3,21,9.881,7.262,1.3605
2023,11413,10,2,11.4,4,22,10.763,7.911,1.3605
2023,9118,4,1,12.5,3,29,9.238,6.79,1.3605
2023,15564,5,0,8.7,4,18,10.075,7.405,1.3605
2023,14247,13,2,5.3,9,24,11.568,8.502,1.3605
2023,12989,6,2,12.4,3,20,9.94,7.306,1.3605
2023,11497,11,1,12.6,3,26,11.578,8.51,1.3605
2023,11951,16,1,14.1,4,20,13.771,10.122,1.3605
2023,5683,3,0,9.7,6,25,8.654,6.361,1.3605
2023,12971,9,0,6.6,3,23,10.6,7.791,1.3605
2023,11553,0,1,8.1,5,18,7.308,5.372,1.3605
2023,11706,3,0,16.2,2,23,10.789,7.93,1.3605
2023,11653,12,0,9.3,5,24,11.881,8.733,1.3605
2023,9928,5,1,10.2,4,24,8.838,6.496,1.3605
2023,8726,14,1,10.8,11,21,11.968,8.797,1.3605
2023,11332,13,0,9.5,5,30,12.514,9.198,1.3605
2023,7767,2,1,9.2,7,28,8.228,6.048,1.3605
2023,11804,5,2,8.5,5,23,8.834,6.493,1.3605
2023,8529,1,0,17.6,2,18,9.284,6.824,1.3605
2023,13515,8,2,14.7,6,19,11.929,8.768,1.3605
2023,7534,12,2,17.0,5,21,12.403,9.117,1.3605
2023,10991,17,1,17.8,2,22,13.964,10.264,1.3605
2023,11287,11,0,2.6,5,20,10.611,7.799,1.3605
2023,14149,3,0,13.4,4,20,11.195,8.229,1.3605
2023,11739,6,2,9.7,4,16,9.296,6.833,1.3605
2023,9066,11,1,16.5,5,16,11.397,8.377,1.3605
2023,8871,10,1,9.0,4,22,9.784,7.191,1.3605
2023,14717,6,2,7.8,6,27,10.424,7.662,1.3605
2023,11007,9,2,6.3,4,17,9.768,7.18,1.3605
2023,10615,8,1,10.8,6,21,10.433,7.669,1.3605
2023,9363,1,2,15.7,5,22,8.737,6.422,1.3605
2023,8068,4,1,13.0,3,23,8.67,6.372,1.3605
2023,15852,9,2,7.2,3,20,10.325,7.589,1.3605
2023,11259,13,0,20.6,6,19,14.135,10.39,1.3605
2023,8348,15,2,14.6,4,24,12.603,9.264,1.3605
2023,12956,1,1,15.1,5,16,9.064,6.662,1.3605
2023,12593,8,1,17.1,3,23,11.662,8.572,1.3605
2023,7977,13,0,5.4,6,20,10.454,7.684,1.3605
2023,9639,14,2,8.4,8,23,11.216,8.244,1.3605
2023,12246,7,0,15.3,1,25,12.129,8.915,1.3605
2023,12914,14,0,8.8,6,20,12.503,9.19,1.3605
2023,9195,7,0,10.9,5,21,10.107,7.429,1.3605
2023,6437,3,0,11.7,5,21,8.931,6.565,1.3605
2023,11715,5,2,6.9,6,29,9.319,6.85,1.3605
2023,13242,10,2,10.6,9,22,11.332,8.329,1.3605
2023,10954,11,2,15.7,6,21,12.089,8.886,1.3605
2023,10335,8,2,14.9,7,22,11.113,8.168,1.3605
2023,15066,17,0,16.5,3,26,15.421,11.335,1.3605
2023,6070,16,0,16.0,5,20,13.139,9.657,1.3605
2023,12909,2,1,13.6,4,24,9.49,6.975,1.3605
2023,13058,12,2,13.3,7,20,12.462,9.16,1.3605
2023,9171,5,2,13.0,2,20,9.021,6.63,1.3605
2023,5317,13,1,9.5,4,23,10.05,7.387,1.3605
2023,12995,0,0,7.9,8,26,9.931,7.3,1.3605
2023,11904,3,0,9.2,1,21,9.038,6.643,1.3605
2023,14653,17,1,10.7,4,21,13.082,9.615,1.3605
2023,9688,10,2,9.4,12,24,10.965,8.06,1.3605
2023,11536,10,0,13.7,4,22,12.31,9.048,1.3605
2023,6905,7,2,12.8,8,24,10.021,7.366,1.3605
2023,12908,3,2,13.2,6,17,9.872,7.256,1.3605
2023,7271,1,2,13.4,9,19,8.732,6.418,1.3605
2023,11008,0,2,16.8,7,22,9.612,7.065,1.3605
2023,8498,9,0,12.0,5,23,11.139,8.188,1.3605
2023,11945,16,2,16.0,4,22,13.54,9.952,1.3605
2023,10629,6,1,14.1,8,22,10.634,7.816,1.3605
2023,10530,6,2,16.5,2,24,10.314,7.581,1.3605
2023,10945,12,0,18.5,3,18,13.216,9.714,1.3605
2023,11180,0,1,14.3,2,24,8.963,6.588,1.3605
2023,14614,0,0,12.4,4,25,9.602,7.057,1.3605
2023,12280,12,0,12.4,9,21,13.192,9.697,1.3605
2023,9390,0,2,10.1,5,19,8.209,6.034,1.3605
2023,9588,5,2,10.0,4,25,8.753,6.434,1.3605
2023,13635,9,1,15.6,5,27,12.551,9.225,1.3605
2023,8423,0,1,8.1,6,22,6.898,5.07,1.3605
2023,11130,4,2,18.5,4,19,10.474,7.698,1.3605
2023,6879,1,1,11.4,6,22,7.952,5.845,1.3605
2023,10807,2,2,23.4,6,19,10.858,7.981,1.3605
2023,8342,2,1,9.2,7,24,7.781,5.719,1.3605
2023,9477,17,2,13.0,7,22,13.06,9.599,1.3605
2023,11573,7,2,10.6,3,19,9.758,7.173,1.3605
2023,12613,8,1,8.8,5,23,10.023,7.367,1.3605
2023,9313,1,1,16.3,3,20,8.563,6.294,1.3605
2023,13906,1,2,7.6,5,18,7.889,5.799,1.3605
2023,8139,15,2,9.3,5,24,11.133,8.183,1.3605
2023,13057,6,2,14.3,4,23,11.143,8.191,1.3605
2023,10056,3,1,15.0,4,21,9.132,6.713,1.3605
2023,13489,4,1,6.4,4,26,8.891,6.535,1.3605
2023,10053,0,1,14.3,5,20,8.92,6.556,1.3605
2023,9362,9,0,12.5,7,21,12.033,8.845,1.3605
2023,12623,12,2,8.3,2,23,11.092,8.153,1.3605
2023,12203,14,1,8.8,4,25,11.86,8.718,1.3605
2023,9747,0,2,3.9,7,23,7.397,5.437,1.3605
2023,12455,17,2,18.9,2,20,14.26,10.481,1.3605
2023,10769,13,2,16.1,5,21,12.555,9.228,1.3605
2023,11468,17,0,6.8,10,20,13.068,9.605,1.3605
2023,11943,11,1,15.2,9,21,12.456,9.156,1.3605
2023,7585,11,2,9.7,6,21,10.684,7.853,1.3605
2023,11107,4,1,15.7,3,23,9.746,7.164,1.3605
2023,7444,6,2,10.0,10,20,9.555,7.023,1.3605
2023,8478,12,2,10.5,1,25,10.22,7.512,1.3605
2023,10827,8,1,10.8,11,22,11.014,8.095,1.3605
2023,13544,5,1,9.4,2,19,8.847,6.503,1.3605
2023,10516,6,1,17.6,6,23,11.05,8.122,1.3605
2023,10214,17,2,15.6,5,22,13.341,9.806,1.3605
2023,9971,14,1,12.4,9,21,12.612,9.27,1.3605
2023,12080,7,2,16.1,9,26,12.528,9.208,1.3605
2023,8302,15,2,5.5,7,21,11.145,8.192,1.3605
2023,7587,16,1,7.1,9,21,12.195,8.963,1.3605
2023,14481,2,2,13.9,7,25,9.952,7.315,1.3605
2023,12136,12,2,14.9,4,24,12.5,9.188,1.3605
2023,9346,8,2,13.1,2,24,9.944,7.309,1.3605
2023,9495,14,0,4.5,3,20,10.913,8.021,1.3605
2023,9711,15,1,7.8,5,23,11.686,8.59,1.3605
2023,7836,15,1,13.7,4,18,11.813,8.683,1.3605
2023,10317,3,1,21.7,2,16,9.997,7.348,1.3605
2023,11157,1,0,16.9,2,20,9.954,7.317,1.3605
2023,14489,5,2,18.3,3,22,11.111,8.167,1.3605
2023,11364,12,1,13.4,1,29,12.614,9.271,1.3605
2023,12955,14,2,13.3,4,26,13.384,9.837,1.3605
2023,10372,9,1,7.9,4,19,9.21,6.77,1.3605
2023,9953,9,0,15.8,7,25,12.353,9.08,1.3605
2023,11085,3,1,11.7,6,18,8.644,6.353,1.3605
2023,13240,13,2,14.8,1,27,12.541,9.218,1.3605
2023,9603,7,1,12.1,4,20,9.941,7.307,1.3605
2023,11656,5,0,13.1,5,20,11.028,8.106,1.3605
2023,11588,11,2,11.6,5,25,11.582,8.513,1.3605
2023,11039,7,1,12.9,4,20,10.203,7.499,1.3605
2023,13257,5,2,16.0,4,27,11.111,8.167,1.3605
2023,11205,14,1,6.9,9,20,11.644,8.558,1.3605
2023,10748,13,1,6.0,9,25,11.364,8.353,1.3605
2023,10966,2,1,13.7,4,22,9.272,6.815,1.3605
2023,5805,17,2,17.8,7,24,13.426,9.868,1.3605
2023,10703,9,2,18.8,2,19,11.416,8.391,1.3605
2023,8437,13,1,7.1,5,16,9.872,7.256,1.3605
2023,10583,13,1,10.4,6,19,11.361,8.35,1.3605
2023,11040,6,0,6.1,4,21,9.168,6.739,1.3605
2023,12247,6,0,9.8,1,21,9.773,7.183,1.3605
2023,16135,10,1,16.5,5,21,12.588,9.252,1.3605
2023,14462,17,1,11.9,2,16,12.917,9.494,1.3605
2023,11074,9,0,10.5,5,20,11.366,8.354,1.3605
2023,12497,14,1,14.2,7,22,12.815,9.42,1.3605
2023,10099,11,2,8.8,3,21,10.163,7.47,1.3605
2023,11579,16,2,18.4,4,21,13.729,10.091,1.3605
2023,11635,16,1,12.0,5,21,12.648,9.296,1.3605
2023,8649,0,2,10.4,6,22,8.393,6.169,1.3605
2023,9948,5,1,14.3,6,19,10.113,7.433,1.3605
2023,6856,14,1,15.8,5,21,12.012,8.829,1.3605
2023,10661,13,2,18.4,11,21,14.361,10.556,1.3605
2023,11010,9,2,11.2,4,18,10.382,7.631,1.3605
2023,10918,9,1,16.3,2,21,11.43,8.401,1.3605
2023,8596,6,1,12.4,6,16,9.418,6.922,1.3605
2023,10900,6,2,9.6,2,20,8.846,6.502,1.3605
2023,11505,13,2,8.9,10,23,11.685,8.589,1.3605
2023,12254,14,2,7.6,2,23,11.375,8.361,1.3605
2023,11771,8,2,9.0,6,22,9.955,7.317,1.3605
2023,10318,14,0,16.5,3,23,14.221,10.453,1.3605
2023,10746,8,1,14.8,5,24,11.426,8.398,1.3605
2023,11740,6,2,7.0,4,22,9.011,6.623,1.3605
2023,10039,10,1,5.0,5,26,10.264,7.544,1.3605
2023,8967,4,1,7.6,5,16,7.732,5.683,1.3605
2023,10154,8,2,8.9,6,24,9.831,7.226,1.3605
2023,12067,5,1,10.8,2,15,8.615,6.332,1.3605
2023,12904,6,1,16.7,5,20,11.243,8.264,1.3605
2023,13430,13,0,9.8,9,24,13.61,10.004,1.3605
2023,8980,10,1,18.7,6,24,12.382,9.101,1.3605
2023,15913,6,2,5.3,5,19,9.789,7.195,1.3605
2023,9333,5,1,10.6,4,22,8.923,6.559,1.3605
2023,10532,3,1,15.1,5,20,9.423,6.926,1.3605
2023,14075,13,1,15.4,4,25,13.073,9.609,1.3605
2023,6934,2,1,10.7,5,22,7.766,5.708,1.3605
2023,11426,16,1,16.0,4,20,13.116,9.64,1.3605
2023,10380,14,1,15.2,7,23,12.705,9.338,1.3605
2023,7612,0,2,9.3,4,24,6.978,5.129,1.3605
2023,7649,10,2,13.3,5,21,10.596,7.788,1.3605
2023,13905,12,1,14.8,3,24,12.338,9.069,1.3605
2023,12390,2,0,9.6,3,27,9.876,7.259,1.3605
2023,13471,12,0,18.8,3,16,13.69,10.063,1.3605
2023,8500,17,1,8.7,5,26,12.617,9.274,1.3605
2023,11819,8,0,12.6,5,26,11.969,8.798,1.3605
2023,16744,1,0,7.0,1,23,8.957,6.584,1.3605
2023,10507,7,1,12.4,1,21,9.425,6.928,1.3605
2023,11226,1,2,7.7,2,17,7.03,5.167,1.3605
2023,11128,0,2,10.8,5,22,7.835,5.759,1.3605
2023,10827,2,2,5.7,5,21,7.454,5.479,1.3605
2023,9151,16,0,15.2,1,18,12.981,9.541,1.3605
2023,11210,6,0,13.4,3,20,11.454,8.419,1.3605
2023,15169,9,0,16.3,5,22,13.291,9.769,1.3605
2023,10974,8,2,10.6,4,23,10.165,7.472,1.3605
2023,14153,17,1,16.5,4,19,14.074,10.345,1.3605
2023,18240,14,1,12.2,1,15,12.654,9.301,1.3605
2023,9066,16,1,12.5,2,21,12.225,8.985,1.3605
2023,12451,16,2,20.5,6,19,14.623,10.748,1.3605
2023,8189,8,1,10.1,7,21,9.545,7.016,1.3605
2023,10748,5,1,16.9,6,16,10.198,7.496,1.3605
2023,17338,7,2,13.9,6,21,12.765,9.383,1.3605
2023,12717,5,1,9.7,6,23,9.662,7.102,1.3605
2023,11866,16,1,6.7,10,21,12.236,8.993,1.3605
2023,8143,5,1,7.9,11,22,9.063,6.662,1.3605
2023,9587,12,2,16.5,4,21,12.388,9.105,1.3605
2023,9011,1,1,18.9,3,16,9.12,6.703,1.3605
2023,8526,11,0,12.4,5,22,11.616,8.538,1.3605
2023,13172,6,2,12.6,4,20,10.333,7.595,1.3605
2023,12825,5,1,15.1,2,18,9.96,7.321,1.3605
2023,10688,16,2,12.3,4,24,12.85,9.445,1.3605
2023,9734,7,2,16.4,3,23,10.503,7.72,1.3605
2023,12916,5,1,13.2,7,20,10.898,8.01,1.3605
2023,15311,8,0,12.5,6,22,12.236,8.994,1.3605
2023,13578,15,2,9.2,7,22,12.436,9.141,1.3605
2023,11373,17,2,8.2,4,17,12.169,8.944,1.3605
2023,13405,6,2,1.0,5,19,7.942,5.837,1.3605
2023,13520,7,1,16.9,2,19,10.942,8.042,1.3605
2023,11482,0,2,11.4,3,23,7.956,5.848,1.3605
2023,11479,12,1,10.4,4,27,12.118,8.907,1.3605
2023,9780,0,0,4.2,4,24,7.024,5.163,1.3605
2023,13172,10,2,9.4,4,22,10.921,8.027,1.3605
2023,10679,1,2,8.9,9,19,8.033,5.905,1.3605
2023,8652,2,1,8.8,8,24,7.836,5.759,1.3605
2023,8739,12,2,13.3,7,21,12.006,8.825,1.3605
2023,10999,6,0,12.5,4,19,10.71,7.872,1.3605
2023,8737,1,0,6.6,4,24,7.665,5.634,1.3605
2023,17899,1,2,6.8,7,26,9.488,6.974,1.3605
2023,12319,2,0,6.8,3,24,8.395,6.17,1.3605
2023,9866,12,2,19.2,8,29,13.893,10.212,1.3605
2023,11560,11,2,18.0,7,20,12.677,9.318,1.3605
2023,12940,0,1,8.6,4,21,7.743,5.692,1.3605
2023,11644,17,2,4.1,4,19,11.486,8.442,1.3605
2023,8699,4,0,12.5,3,19,9.726,7.149,1.3605
2023,10825,9,1,12.2,5,26,10.784,7.926,1.3605
2023,10501,5,2,13.3,3,19,9.941,7.307,1.3605
2023,9963,17,2,15.0,7,20,13.184,9.691,1.3605
2023,9028,14,1,13.8,5,26,12.25,9.004,1.3605
2023,13289,13,0,7.5,9,23,12.425,9.133,1.3605
2023,12278,15,0,13.2,3,19,13.817,10.156,1.3605
2023,12258,3,1,15.4,5,22,10.306,7.575,1.3605
2023,6469,7,1,9.1,6,17,8.265,6.075,1.3605
2023,10103,0,0,13.2,4,21,9.0,6.615,1.3605
2023,14225,12,1,9.8,3,22,11.911,8.755,1.3605
2023,12083,8,2,20.0,8,22,12.405,9.118,1.3605
2023,8191,0,1,6.7,12,28,7.992,5.874,1.3605
2023,15267,14,0,16.6,1,24,14.149,10.4,1.3605
2023,5039,14,2,5.3,4,18,9.317,6.848,1.3605
2023,11419,13,1,19.2,5,22,13.403,9.852,1.3605
2023,15389,4,2,7.4,3,22,9.1,6.689,1.3605
2023,7180,16,0,12.8,3,28,12.932,9.505,1.3605
2023,9909,5,1,5.5,4,21,7.887,5.797,1.3605
2023,7585,8,1,6.6,3,22,8.481,6.234,1.3605
2023,14629,16,1,15.6,4,23,13.878,10.201,1.3605
2023,9052,6,1,16.1,8,19,10.242,7.528,1.3605
2023,13585,7,1,13.0,4,17,10.325,7.589,1.3605
2023,14572,14,1,15.0,1,21,12.763,9.381,1.3605
2023,7887,5,1,16.2,8,24,10.521,7.733,1.3605
2023,7361,0,0,9.3,2,18,7.072,5.198,1.3605
2023,12298,8,2,6.4,5,22,9.367,6.885,1.3605
2023,13039,6,2,11.9,3,20,10.052,7.389,1.3605
2023,10924,3,2,9.7,4,16,8.309,6.107,1.3605
2023,11164,0,2,13.6,5,23,8.889,6.534,1.3605
2023,14800,8,0,14.2,1,23,11.854,8.713,1.3605
2023,10500,1,1,9.3,9,24,8.235,6.053,1.3605
2023,14541,15,2,14.8,7,24,13.746,10.104,1.3605
2023,9659,1,0,14.6,5,22,10.136,7.45,1.3605
2023,17094,2,1,14.9,6,23,10.425,7.663,1.3605
2023,8888,13,1,10.4,3,23,10.709,7.872,1.3605
2023,14060,12,0,15.1,6,14,13.096,9.626,1.3605
2023,8684,16,1,14.1,4,18,12.728,9.356,1.3605
2023,13066,9,2,14.6,6,20,11.714,8.61,1.3605
2023,11081,2,2,18.7,5,22,10.091,7.417,1.3605
2023,11795,3,1,13.3,11,23,10.038,7.378,1.3605
2023,12764,4,2,9.6,5,24,9.206,6.766,1.3605
2023,11715,10,1,7.6,9,24,10.637,7.819,1.3605
2023,11495,5,2,16.5,7,23,10.961,8.057,1.3605
2023,6455,0,2,13.4,6,23,7.849,5.769,1.3605
2023,14546,6,1,18.7,6,27,12.239,8.996,1.3605
2023,14923,9,2,3.9,7,23,9.883,7.264,1.3605
2023,10834,11,1,15.6,5,22,11.798,8.672,1.3605
2023,12493,11,1,11.0,6,23,11.408,8.385,1.3605
2023,14515,0,2,10.6,6,24,8.644,6.353,1.3605
2023,12603,8,2,8.9,6,27,10.331,7.594,1.3605
2023,9771,16,2,15.6,4,19,13.238,9.731,1.3605
2023,8097,11,2,14.5,7,17,10.988,8.076,1.3605
2023,12686,1,2,7.4,4,23,8.028,5.901,1.3605
2023,11448,8,2,12.7,4,18,10.558,7.76,1.3605
2023,11086,11,2,14.8,7,21,11.798,8.672,1.3605
2023,9196,3,1,12.7,1,27,8.423,6.191,1.3605
2023,10248,11,1,16.4,5,22,12.364,9.088,1.3605
2023,11942,17,1,10.8,4,22,12.507,9.193,1.3605
2023,10364,2,1,3.0,3,21,6.301,4.631,1.3605
2023,11182,0,2,12.7,4,27,8.543,6.28,1.3605
2023,11022,17,0,12.7,4,23,13.798,10.142,1.3605
2023,12743,7,0,13.2,7,21,12.035,8.846,1.3605
2023,7509,3,2,16.4,5,26,9.775,7.185,1.3605
2023,10210,15,0,4.2,8,23,11.777,8.656,1.3605
2023,8345,16,1,11.0,6,21,12.013,8.83,1.3605
2023,11489,8,1,8.3,5,16,9.394,6.905,1.3605
2023,9075,7,2,7.2,6,22,9.038,6.643,1.3605
2023,13449,6,1,11.7,4,21,10.058,7.393,1.3605
2023,10072,11,2,14.8,2,21,11.021,8.101,1.3605
2023,9660,0,1,13.2,5,21,8.287,6.091,1.3605
2023,9017,16,2,9.2,5,17,11.602,8.528,1.3605
2023,11728,5,1,11.4,9,30,11.532,8.476,1.3605
2023,7927,4,1,15.7,7,20,9.568,7.033,1.3605
2023,10867,6,1,14.7,3,24,10.444,7.677,1.3605
2023,10809,11,0,9.8,2,21,11.695,8.596,1.3605
2023,9795,4,1,9.5,7,14,8.086,5.943,1.3605
2023,11647,1,1,5.1,5,22,7.149,5.255,1.3605
2023,9943,3,0,10.3,5,22,9.084,6.677,1.3605
2023,11811,16,2,5.1,3,20,11.785,8.662,1.3605
2023,9738,7,1,20.3,6,26,12.254,9.007,1.3605
2023,9240,4,2,8.6,2,27,8.164,6.001,1.3605
2023,11740,16,2,16.4,5,23,13.537,9.95,1.3605
2023,13118,3,0,19.3,7,23,12.453,9.153,1.3605
2023,18242,17,1,12.9,4,19,14.231,10.46,1.3605
2023,10249,17,2,11.6,8,19,13.057,9.597,1.3605
2023,13031,17,2,6.7,8,20,12.525,9.206,1.3605
2023,9989,15,2,10.0,8,28,12.967,9.531,1.3605
2023,12991,10,2,18.4,3,20,12.1,8.894,1.3605
2023,14355,7,0,13.4,4,26,11.912,8.756,1.3605
2023,11422,11,1,12.1,8,20,11.698,8.598,1.3605
2023,12879,17,2,17.2,11,19,14.648,10.766,1.3605
2023,12212,17,2,14.8,7,20,14.578,10.715,1.3605
2023,11128,7,2,11.4,8,20,10.255,7.537,1.3605
2023,10033,15,2,12.9,5,20,12.373,9.095,1.3605
2023,10223,16,0,8.9,5,27,13.385,9.838,1.3605
2023,7793,1,2,9.8,6,22,7.77,5.711,1.3605
2023,13694,14,2,11.2,6,21,12.729,9.356,1.3605
2023,15778,6,0,14.2,1,22,11.66,8.57,1.3605
2023,7575,0,0,7.0,8,25,7.631,5.609,1.3605
2023,13695,1,1,12.3,7,22,9.246,6.796,1.3605
2023,10989,3,2,10.4,5,23,9.014,6.626,1.3605
2023,9500,15,1,8.4,3,25,11.479,8.437,1.3605
2023,11458,11,0,10.5,4,19,11.739,8.629,1.3605
2023,9092,16,1,2.7,6,19,10.506,7.722,1.3605
2023,11686,3,1,9.0,4,22,8.312,6.11,1.3605
2023,10366,15,1,7.6,4,20,11.93,8.768,1.3605
2023,10241,6,2,10.9,6,21,10.039,7.379,1.3605
2023,14042,7,2,2.9,3,19,8.494,6.243,1.3605
2023,6725,8,1,12.8,3,19,9.459,6.953,1.3605
2023,9681,13,2,15.6,3,25,12.031,8.843,1.3605
2023,6151,8,2,11.5,5,21,9.607,7.061,1.3605
2023,11427,14,1,14.0,7,21,12.5,9.188,1.3605
2023,9863,3,1,9.9,5,20,8.034,5.905,1.3605
2023,9296,2,1,5.8,6,19,6.917,5.084,1.3605
2023,11807,9,1,12.0,2,19,10.291,7.564,1.3605
2023,12629,3,2,14.7,2,18,9.66,7.1,1.3605
2023,14057,17,2,6.7,5,20,12.944,9.514,1.3605
2023,18427,10,1,10.1,5,22,11.768,8.65,1.3605
2023,9676,17,2,11.0,3,24,12.368,9.091,1.3605
2023,9413,12,2,23.4,9,22,14.446,10.618,1.3605
2023,11112,3,2,12.9,4,19,8.691,6.388,1.3605
2023,11318,2,1,4.4,6,20,7.46,5.483,1.3605
2023,15434,15,2,3.4,6,20,11.681,8.585,1.3605
2023,12404,13,2,14.9,4,20,12.4,9.114,1.3605
2023,8739,9,2,21.9,8,21,12.449,9.15,1.3605
2023,8598,5,1,10.9,5,25,9.002,6.617,1.3605
2023,12803,7,2,10.6,5,24,10.575,7.773,1.3605
2023,10581,15,1,13.7,7,27,13.59,9.989,1.3605
2023,14640,9,2,8.8,6,19,10.52,7.732,1.3605
2023,12389,6,2,1.8,6,19,8.013,5.89,1.3605
2023,8489,17,0,16.1,7,21,14.273,10.491,1.3605
2023,8160,12,0,9.5,6,25,12.453,9.153,1.3605
2023,11963,7,2,16.2,9,16,11.197,8.23,1.3605
2023,10246,13,1,9.0,4,22,11.067,8.134,1.3605
2023,13949,8,1,12.5,5,21,11.146,8.192,1.3605
2023,11948,11,2,15.4,10,24,13.078,9.613,1.3605
2023,11899,5,2,16.3,4,23,10.575,7.773,1.3605
2023,8027,11,1,12.9,1,24,10.419,7.658,1.3605
2023,9907,11,1,12.7,7,23,11.303,8.308,1.3605
2023,10982,6,2,14.5,2,30,10.515,7.729,1.3605
2023,6414,14,2,13.9,7,27,12.453,9.153,1.3605
2023,12658,15,1,6.8,6,24,12.026,8.839,1.3605
2023,13234,3,0,6.9,5,21,10.491,7.711,1.3605
2023,9776,5,1,3.6,5,21,8.082,5.941,1.3605
2023,14271,15,2,15.1,1,25,13.571,9.975,1.3605
2023,14162,14,1,10.4,4,26,12.289,9.033,1.3605
2023,12409,1,1,15.3,7,19,9.344,6.868,1.3605
2024,11751,0,2,8.4,9,27,8.759,5.962,1.4693
2024,17388,0,1,15.8,6,20,10.944,7.449,1.4693
2024,9895,2,1,8.4,9,26,9.044,6.155,1.4693
2024,10396,13,1,19.9,5,22,15.283,10.402,1.4693
2024,12090,7,2,10.4,4,28,11.603,7.897,1.4693
2024,13319,14,2,15.4,2,25,15.487,10.54,1.4693
2024,15237,3,2,11.8,5,21,10.703,7.285,1.4693
2024,13129,10,2,5.9,3,23,11.407,7.763,1.4693
2024,12464,7,2,8.1,1,20,10.34,7.037,1.4693
2024,10796,6,0,8.9,6,22,11.588,7.887,1.4693
2024,13181,1,1,9.3,3,20,9.144,6.223,1.4693
2024,10116,7,2,12.7,8,20,11.687,7.954,1.4693
2024,12405,8,2,2.3,8,26,10.784,7.34,1.4693
2024,11355,15,1,12.8,3,23,15.014,10.219,1.4693
2024,9444,7,2,4.1,1,23,9.249,6.295,1.4693
2024,15797,7,1,13.4,8,21,12.833,8.734,1.4693
2024,9451,10,0,8.8,8,21,12.66,8.616,1.4693
2024,10915,6,2,12.5,3,21,11.601,7.896,1.4693
2024,7938,1,2,6.7,5,20,8.094,5.509,1.4693
2024,11480,4,1,9.5,8,20,10.082,6.862,1.4693
2024,12984,17,0,3.8,7,19,15.446,10.513,1.4693
2024,9633,10,2,7.0,6,18,10.969,7.466,1.4693
2024,7352,16,1,17.6,6,22,15.508,10.555,1.4693
2024,10962,5,0,17.7,3,19,13.787,9.384,1.4693
2024,11508,12,0,7.0,9,27,14.211,9.672,1.4693
2024,11312,6,0,10.6,7,18,11.732,7.985,1.4693
2024,15863,10,2,13.8,2,21,13.694,9.32,1.4693
2024,12737,17,1,12.3,8,24,15.959,10.862,1.4693
2024,12541,5,0,9.7,4,16,11.341,7.719,1.4693
2024,12725,11,2,5.8,6,24,12.367,8.417,1.4693
2024,12709,2,2,15.5,3,20,10.554,7.183,1.4693
2024,10792,10,0,10.0,1,19,12.402,8.441,1.4693
2024,9561,1,1,5.4,8,24,7.773,5.291,1.4693
2024,18078,2,1,11.8,5,24,11.27,7.67,1.4693
2024,11534,16,0,10.6,3,19,15.255,10.382,1.4693
2024,11954,4,0,10.0,6,21,11.678,7.948,1.4693
2024,12013,1,1,12.5,6,26,9.659,6.574,1.4693
2024,10008,11,2,11.1,6,21,12.526,8.525,1.4693
2024,12346,4,2,16.5,1,19,10.75,7.316,1.4693
2024,8703,12,2,8.3,3,22,12.986,8.838,1.4693
2024,13690,6,2,8.9,4,22,10.788,7.343,1.4693
2024,11260,10,2,15.1,4,21,13.244,9.014,1.4693
2024,14721,4,1,22.0,9,23,13.732,9.346,1.4693
2024,13193,17,1,21.4,8,20,17.934,12.206,1.4693
2024,12884,5,2,14.9,5,24,11.764,8.007,1.4693
2024,9916,2,2,10.6,8,21,9.889,6.73,1.4693
2024,12075,5,0,9.9,8,18,11.355,7.728,1.4693
2024,13789,15,1,10.5,5,27,14.904,10.143,1.4693
2024,12191,2,2,5.0,3,17,8.73,5.941,1.4693
2024,8506,17,1,14.7,9,24,16.396,11.159,1.4693
2024,14364,3,1,17.3,5,22,11.914,8.109,1.4693
2024,13790,4,1,11.5,2,22,10.753,7.319,1.4693
2024,8148,8,1,20.4,5,19,13.098,8.914,1.4693
2024,12215,3,0,22.9,10,21,14.395,9.797,1.4693
2024,13938,0,0,15.5,7,24,11.685,7.953,1.4693
2024,10401,10,2,9.3,6,19,11.603,7.897,1.4693
2024,8587,4,1,8.6,6,20,9.07,6.173,1.4693
2024,9213,9,2,15.1,6,25,12.947,8.812,1.4693
2024,11628,2,0,16.2,7,20,11.716,7.974,1.4693
2024,14227,14,0,9.4,6,22,15.27,10.393,1.4693
2024,9182,13,2,7.4,2,22,12.022,8.182,1.4693
2024,9201,4,2,5.2,4,19,7.919,5.39,1.4693
2024,11141,7,2,7.8,5,23,10.948,7.451,1.4693
2024,13619,16,0,10.3,7,22,16.626,11.316,1.4693
2024,16285,3,1,16.4,3,20,11.575,7.878,1.4693
2024,12120,1,2,9.7,8,24,10.347,7.042,1.4693
2024,10213,1,0,1.0,4,22,7.287,4.959,1.4693
2024,9909,1,2,9.4,3,22,7.923,5.392,1.4693
2024,15330,2,1,10.7,3,21,9.936,6.762,1.4693
2024,8743,8,2,10.6,10,18,11.729,7.983,1.4693
2024,12385,4,2,1.7,3,22,8.427,5.736,1.4693
2024,15194,14,1,10.6,6,15,14.434,9.824,1.4693
2024,11504,3,1,17.3,6,24,11.294,7.687,1.4693
2024,9197,2,2,10.1,1,19,8.229,5.6,1.4693
2024,13223,8,2,9.3,8,24,12.141,8.263,1.4693
2024,12160,9,0,8.9,4,18,12.105,8.239,1.4693
2024,13076,16,1,12.6,6,18,15.575,10.6,1.4693
2024,13347,7,1,5.9,7,20,10.701,7.283,1.4693
2024,13194,4,1,7.5,5,28,10.251,6.977,1.4693
2024,12640,10,0,16.5,9,21,15.541,10.577,1.4693
2024,13592,3,2,14.7,7,27,12.173,8.285,1.4693
2024,15273,3,1,9.8,8,23,10.987,7.478,1.4693
2024,9941,14,2,13.9,4,21,13.94,9.487,1.4693
2024,11236,7,2,8.3,7,23,11.279,7.677,1.4693
2024,13884,12,0,8.3,5,23,13.913,9.469,1.4693
2024,11718,11,0,8.2,8,23,13.509,9.194,1.4693
2024,8741,1,2,5.7,7,26,7.86,5.349,1.4693
2024,12732,0,1,11.6,5,22,9.445,6.428,1.4693
2024,10671,13,0,20.0,7,24,16.67,11.345,1.4693
2024,17201,7,2,4.0,3,28,11.454,7.795,1.4693
2024,14383,15,1,18.7,12,17,17.156,11.676,1.4693
2024,14799,4,1,1.1,6,22,8.712,5.93,1.4693
2024,12004,1,1,14.0,4,24,9.621,6.548,1.4693
2024,12676,14,2,4.6,7,18,13.037,8.873,1.4693
2024,11044,3,0,14.0,6,19,11.251,7.657,1.4693
2024,9805,3,1,8.7,4,19,8.566,5.83,1.4693
2024,9621,9,1,14.9,7,23,12.859,8.752,1.4693
2024,17242,17,2,8.8,4,24,15.704,10.688,1.4693
2024,12892,6,2,14.0,7,19,12.119,8.248,1.4693
2024,8593,4,1,11.1,4,23,9.951,6.773,1.4693
2024,14304,3,2,16.8,2,20,11.165,7.599,1.4693
2024,18458,14,1,11.2,2,26,15.358,10.453,1.4693
2024,8061,17,1,12.8,3,24,14.539,9.895,1.4693
2024,13401,16,2,12.2,8,24,16.754,11.403,1.4693
2024,9093,5,1,15.5,4,27,11.253,7.659,1.4693
2024,14789,0,2,15.7,9,24,10.911,7.426,1.4693
2024,6551,2,2,12.1,5,20,8.362,5.691,1.4693
2024,12097,8,0,5.1,5,22,11.211,7.63,1.4693
2024,13009,4,2,8.1,3,18,9.71,6.609,1.4693
2024,8438,5,0,15.1,1,19,10.991,7.481,1.4693
2024,13010,12,1,5.8,3,24,12.56,8.549,1.4693
2024,10738,2,2,9.0,6,27,9.315,6.34,1.4693
2024,16208,2,2,9.5,4,25,10.333,7.032,1.4693
2024,8341,4,0,11.0,8,23,10.918,7.431,1.4693
2024,14171,11,2,10.5,4,17,13.14,8.943,1.4693
2024,11650,17,2,12.1,5,22,15.764,10.729,1.4693
2024,15134,6,0,7.7,5,19,11.552,7.862,1.4693
2024,15192,11,2,8.5,9,23,13.897,9.458,1.4693
2024,11271,1,1,19.1,6,18,11.349,7.724,1.4693
2024,11788,15,0,17.6,6,22,16.76,11.407,1.4693
2024,14172,1,2,14.0,8,20,10.748,7.315,1.4693
2024,13205,7,1,14.4,10,22,13.002,8.849,1.4693
2024,11607,0,2,13.0,11,20,9.759,6.642,1.4693
2024,9817,13,1,11.7,4,17,13.334,9.075,1.4693
2024,12813,9,0,8.4,4,25,12.542,8.536,1.4693
2024,9122,12,2,17.7,5,21,14.503,9.871,1.4693
2024,13521,9,0,19.4,4,21,15.085,10.266,1.4693
2024,14676,12,0,9.7,3,22,14.044,9.558,1.4693
2024,9834,12,2,16.3,4,20,14.091,9.59,1.4693
2024,10857,0,2,10.2,6,20,8.794,5.985,1.4693
2024,10323,4,1,8.7,7,26,10.313,7.019,1.4693
2024,14535,15,0,10.1,3,22,15.553,10.585,1.4693
2024,12037,5,1,10.4,3,21,10.2,6.942,1.4693
2024,10985,3,2,14.3,6,17,10.698,7.281,1.4693
2024,13519,9,0,10.1,7,20,13.13,8.936,1.4693
2024,10698,10,0,15.3,8,19,14.449,9.834,1.4693
2024,11391,1,2,8.9,2,21,7.995,5.441,1.4693
2024,9113,8,1,11.6,4,27,12.057,8.206,1.4693
2024,13997,13,0,7.3,1,26,13.856,9.43,1.4693
2024,9170,1,0,6.6,5,21,8.626,5.87,1.4693
2024,15482,4,2,13.3,4,20,11.157,7.594,1.4693
2024,12497,11,1,12.3,6,24,13.578,9.241,1.4693
2024,11508,0,0,10.0,4,25,9.24,6.288,1.4693
2024,11867,11,2,8.1,4,21,12.811,8.719,1.4693
2024,16175,11,2,7.2,5,28,13.121,8.93,1.4693
2024,8535,4,0,13.3,6,20,10.907,7.423,1.4693
2024,8720,1,1,9.1,7,21,8.488,5.777,1.4693
2024,14298,13,1,18.4,2,22,15.255,10.383,1.4693
2024,9597,16,1,12.6,7,21,14.875,10.124,1.4693
2024,10052,14,1,14.0,3,19,13.801,9.393,1.4693
2024,10792,16,1,17.5,5,24,16.49,11.223,1.4693
2024,14714,1,2,8.6,6,21,9.051,6.16,1.4693
2024,13924,7,1,13.7,12,28,14.362,9.775,1.4693
2024,11547,9,1,13.9,3,24,12.539,8.534,1.4693
2024,12901,2,0,9.8,5,23,10.218,6.954,1.4693
2024,12841,10,2,5.7,4,28,12.421,8.454,1.4693
2024,9394,8,0,3.3,5,24,10.538,7.172,1.4693
2024,9564,14,2,8.3,10,24,14.27,9.712,1.4693
2024,6808,10,0,16.3,6,20,13.878,9.445,1.4693
2024,15626,2,2,8.7,7,21,9.824,6.686,1.4693
2024,10225,6,0,15.7,11,25,13.3,9.052,1.4693
2024,11934,6,1,8.8,5,24,11.049,7.52,1.4693
2024,13247,3,2,12.1,9,20,10.882,7.406,1.4693
2024,9472,5,1,14.0,6,29,11.191,7.617,1.4693
2024,9781,13,1,16.0,5,21,14.299,9.732,1.4693
2024,9598,3,0,10.0,6,26,10.613,7.223,1.4693
2024,4658,16,0,9.3,5,23,13.998,9.527,1.4693
2024,11737,11,2,4.0,5,23,11.308,7.696,1.4693
2024,17743,16,0,10.2,6,21,16.902,11.503,1.4693
2024,10576,14,0,24.0,5,23,17.573,11.96,1.4693
2024,10645,8,0,11.0,7,17,12.144,8.265,1.4693
2024,10975,15,0,6.2,2,25,14.101,9.597,1.4693
2024,12679,17,0,11.3,9,24,17.638,12.004,1.4693
2024,14104,17,1,14.8,6,28,17.091,11.632,1.4693
2024,9814,3,0,9.5,2,22,9.601,6.534,1.4693
2024,13056,3,2,7.5,6,19,9.483,6.454,1.4693
2024,11686,0,0,22.1,6,26,13.382,9.107,1.4693
2024,12647,4,2,13.5,10,21,11.653,7.931,1.4693
2024,13028,11,2,18.1,7,11,14.119,9.609,1.4693
2024,9463,13,0,10.4,4,24,13.765,9.368,1.4693
2024,10585,9,0,19.1,6,25,15.345,10.444,1.4693
2024,13056,17,0,15.6,5,26,17.603,11.981,1.4693
2024,11550,9,1,14.0,5,19,12.538,8.533,1.4693
2024,13881,15,2,7.1,7,24,14.7,10.005,1.4693
2024,11344,5,2,9.1,6,24,10.502,7.147,1.4693
2024,14426,2,1,13.8,11,24,11.741,7.991,1.4693
2024,6994,14,0,10.6,2,20,13.346,9.083,1.4693
2024,12708,4,2,13.5,4,23,11.106,7.558,1.4693
2024,8676,5,1,10.1,8,25,10.404,7.081,1.4693
2024,14703,11,2,13.7,2,16,13.441,9.148,1.4693
2024,11527,0,1,9.4,12,22,9.492,6.461,1.4693
2024,11049,9,1,13.8,6,25,12.998,8.846,1.4693
2024,9834,2,2,8.0,5,27,8.788,5.981,1.4693
2024,13559,4,1,10.6,10,27,11.511,7.834,1.4693
2024,13320,14,2,11.1,6,25,14.84,10.1,1.4693
2024,11196,3,1,8.4,6,28,9.479,6.451,1.4693
2024,13564,16,2,9.4,2,25,14.562,9.911,1.4693
2024,12452,7,2,13.1,2,15,11.171,7.603,1.4693
2024,12115,4,1,14.8,3,21,11.517,7.838,1.4693
2024,13857,3,1,13.0,10,26,11.677,7.947,1.4693
2024,16428,8,2,14.0,5,20,13.164,8.96,1.4693
2024,12605,12,2,12.3,7,26,14.189,9.657,1.4693
2024,12609,16,2,9.2,6,24,14.831,10.094,1.4693
2024,14197,7,2,5.1,2,28,10.665,7.258,1.4693
2024,9519,10,1,9.9,6,21,11.837,8.056,1.4693
2024,11442,13,2,11.5,10,16,14.136,9.621,1.4693
2024,10935,17,0,9.5,7,21,16.209,11.032,1.4693
2024,12651,4,1,18.2,4,18,11.535,7.85,1.4693
2024,12442,11,1,13.1,4,21,13.512,9.196,1.4693
2024,16296,15,2,11.6,3,14,14.977,10.194,1.4693
2024,15648,15,1,14.2,4,22,16.326,11.112,1.4693
2024,8113,13,2,20.1,3,23,14.7,10.005,1.4693
2024,12793,6,2,10.9,8,23,11.803,8.033,1.4693
2024,13670,8,2,8.1,10,25,12.411,8.447,1.4693
2024,12110,2,0,13.3,5,23,11.342,7.719,1.4693
2024,10610,13,0,7.4,10,20,13.816,9.403,1.4693
2024,15347,0,1,8.2,6,26,9.209,6.267,1.4693
2024,12725,13,2,17.7,7,24,16.276,11.078,1.4693
2024,9291,17,0,17.2,7,22,17.515,11.92,1.4693
2024,14340,2,2,14.6,3,22,10.359,7.05,1.4693
2024,13069,5,1,13.6,3,20,11.243,7.652,1.4693
2024,10291,3,2,7.1,7,26,9.178,6.246,1.4693
2024,9991,0,1,8.8,5,22,8.549,5.818,1.4693
2024,9910,2,2,17.3,6,25,10.958,7.458,1.4693
2024,14859,17,0,10.0,6,16,16.372,11.143,1.4693
2024,13374,2,0,8.8,6,22,10.548,7.179,1.4693
2024,14291,15,2,11.2,4,23,15.396,10.479,1.4693
2024,12411,6,1,14.3,9,18,11.934,8.122,1.4693
2024,10196,8,2,11.2,2,20,11.462,7.801,1.4693
2024,9914,1,0,11.3,8,24,10.105,6.877,1.4693
2024,14583,2,1,3.3,6,24,8.608,5.859,1.4693
2024,13016,0,1,11.7,8,23,9.469,6.445,1.4693
2024,11236,5,2,16.0,3,26,11.979,8.153,1.4693
2024,11953,14,2,11.7,5,24,14.63,9.957,1.4693
2024,14395,4,1,20.3,5,26,13.374,9.102,1.4693
2024,13308,12,1,9.1,4,19,12.948,8.812,1.4693
2024,11669,7,2,10.0,10,23,12.062,8.209,1.4693
2024,11784,12,2,9.3,6,22,12.834,8.735,1.4693
2024,10424,8,2,9.2,2,18,10.447,7.11,1.4693
2024,11958,2,2,14.1,4,27,11.585,7.885,1.4693
2024,11180,13,0,10.9,9,21,15.057,10.248,1.4693
2024,11775,6,2,19.8,6,23,12.909,8.786,1.4693
2024,10546,12,2,13.0,5,21,13.617,9.268,1.4693
2024,8551,8,0,8.5,6,25,12.051,8.202,1.4693
2024,14284,10,2,8.0,2,21,11.919,8.112,1.4693
2024,13333,8,2,18.7,5,21,13.61,9.263,1.4693
2024,11236,10,2,12.9,4,22,12.87,8.759,1.4693
2024,11095,13,1,17.2,8,22,15.946,10.853,1.4693
2024,8428,14,1,12.3,5,20,13.563,9.231,1.4693
2024,14565,16,1,12.1,5,20,15.602,10.619,1.4693
2024,15035,0,0,17.4,6,20,11.507,7.831,1.4693
2024,11680,2,2,13.5,9,22,10.849,7.384,1.4693
2024,12717,2,0,13.4,10,23,11.538,7.852,1.4693
2024,9428,2,2,10.4,4,21,8.68,5.908,1.4693
2024,12114,3,1,15.5,6,19,11.162,7.597,1.4693
2024,10180,16,1,11.7,5,18,14.584,9.926,1.4693
2024,10189,3,0,9.8,9,19,10.358,7.05,1.4693
2024,11179,12,0,20.6,2,23,16.571,11.278,1.4693
2024,10839,6,1,10.8,6,25,10.84,7.378,1.4693
2024,11579,3,2,8.8,6,19,9.062,6.168,1.4693
2024,14542,7,2,16.5,6,23,13.51,9.195,1.4693
2024,6620,10,0,14.7,5,23,13.068,8.894,1.4693
2024,10567,6,0,9.3,5,28,11.709,7.969,1.4693
2024,13479,8,2,11.7,6,29,12.836,8.736,1.4693
2024,12387,3,2,14.7,2,25,10.735,7.306,1.4693
2024,9951,3,1,12.8,6,24,10.256,6.98,1.4693
2024,17163,0,1,15.1,7,24,11.449,7.792,1.4693
2024,18641,5,0,12.0,5,20,14.073,9.578,1.4693
2024,11861,2,0,15.3,3,19,11.075,7.538,1.4693
2024,9421,2,0,10.8,9,17,10.023,6.822,1.4693
2024,11272,0,1,9.4,12,22,8.905,6.06,1.4693
2024,9082,6,2,16.2,6,20,12.042,8.195,1.4693
2024,12902,8,0,13.2,7,24,14.141,9.624,1.4693
2024,13339,2,2,14.7,4,19,10.574,7.197,1.4693
2024,14363,14,1,16.9,2,23,16.245,11.056,1.4693
2024,12899,2,2,9.7,6,20,9.283,6.318,1.4693
2024,12472,10,2,14.1,3,18,12.996,8.845,1.4693
2024,9381,17,2,21.3,3,20,16.423,11.178,1.4693
2024,8844,2,2,11.4,5,20,8.687,5.912,1.4693
2024,6848,6,2,7.2,5,22,9.568,6.512,1.4693
2024,12102,8,1,15.3,7,20,12.863,8.755,1.4693
2024,14058,16,0,5.3,8,19,15.004,10.211,1.4693
2024,14779,8,2,7.6,6,20,12.025,8.184,1.4693
2024,13994,9,2,12.0,2,11,12.491,8.501,1.4693
2024,10982,12,0,11.9,6,21,14.206,9.668,1.4693
2024,16548,4,2,12.8,4,22,11.519,7.84,1.4693
2024,9528,13,1,20.8,5,21,15.574,10.6,1.4693
2024,9411,3,1,12.3,8,23,10.673,7.264,1.4693
2024,13817,13,2,9.7,8,25,15.02,10.223,1.4693
2024,15416,10,1,9.4,10,25,13.785,9.382,1.4693
2024,16382,9,1,10.2,9,25,14.475,9.851,1.4693
2024,14393,4,1,7.1,7,20,10.14,6.902,1.4693
2024,13737,11,2,14.2,3,19,13.513,9.197,1.4693
2024,13932,14,2,13.2,2,20,14.608,9.942,1.4693
2024,11205,12,0,13.9,6,24,14.938,10.167,1.4693
2024,9897,7,1,15.2,9,23,12.871,8.76,1.4693
2024,12587,3,0,14.5,7,20,12.591,8.569,1.4693
2024,7661,12,2,6.5,6,25,11.599,7.894,1.4693
2024,11129,14,2,10.9,4,19,13.837,9.418,1.4693
2024,10573,8,1,11.0,12,20,12.534,8.531,1.4693
2024,13358,5,2,17.5,5,23,12.333,8.394,1.4693
2024,12450,17,2,17.9,7,25,17.468,11.889,1.4693
2024,15616,8,1,10.3,5,25,12.727,8.662,1.4693
2024,13956,5,1,8.0,7,23,11.277,7.675,1.4693
2024,10302,6,1,12.6,7,18,11.407,7.764,1.4693
2024,13581,11,1,10.7,1,25,12.979,8.834,1.4693
2024,7582,3,1,11.7,7,19,9.513,6.475,1.4693
2024,13731,10,0,16.9,4,21,14.721,10.019,1.4693
2024,10035,2,0,13.1,1,19,10.069,6.853,1.4693
2024,10381,6,0,10.1,5,22,11.666,7.94,1.4693
2024,15257,1,2,9.4,5,19,9.221,6.276,1.4693
2024,12874,9,2,6.3,10,23,12.324,8.388,1.4693
2024,11417,2,2,14.2,8,23,10.381,7.065,1.4693
2024,14441,16,2,13.1,3,24,15.717,10.697,1.4693
2024,15583,10,2,14.3,9,23,14.394,9.797,1.4693
2024,9401,0,1,11.9,9,23,9.454,6.434,1.4693
2024,10116,1,1,7.8,3,19,7.433,5.059,1.4693
2024,13928,12,1,12.2,6,20,14.969,10.188,1.4693
2024,12666,13,0,16.6,5,22,16.103,10.96,1.4693
2024,7247,16,2,12.2,3,22,14.366,9.777,1.4693
2024,16357,1,0,18.6,2,21,11.963,8.142,1.4693
2024,10696,16,2,13.0,6,24,15.82,10.767,1.4693
2024,9388,8,0,19.9,4,29,14.229,9.684,1.4693
2024,11929,11,1,20.2,3,23,15.549,10.583,1.4693
2024,14155,15,2,8.4,2,20,13.733,9.347,1.4693
2024,14737,3,0,9.4,5,24,11.024,7.503,1.4693
2024,12043,10,1,10.2,9,20,13.021,8.862,1.4693
2024,18240,3,0,5.2,5,23,10.687,7.273,1.4693
2024,18958,1,0,13.9,6,23,12.62,8.589,1.4693
2024,13020,9,2,13.7,7,23,13.298,9.05,1.4693
2024,11745,8,2,12.8,4,20,12.152,8.271,1.4693
2024,11058,16,0,7.1,10,22,15.113,10.286,1.4693
2024,11518,11,2,18.4,5,20,14.813,10.082,1.4693
2024,15638,3,2,4.5,10,20,9.732,6.623,1.4693
2024,12740,8,1,6.7,8,17,11.799,8.03,1.4693
2024,14076,13,1,15.5,2,22,15.132,10.299,1.4693
2024,13635,3,2,13.3,4,28,10.823,7.366,1.4693
2024,13416,1,2,9.5,3,14,8.313,5.658,1.4693
2024,14623,17,0,12.2,2,15,16.032,10.912,1.4693
2024,13969,12,1,12.5,2,22,14.131,9.617,1.4693
2024,13092,9,0,16.7,6,24,14.67,9.984,1.4693
2024,16512,13,1,7.1,7,18,13.741,9.352,1.4693
2024,8602,8,1,13.2,12,23,12.764,8.687,1.4693
2024,12608,10,2,16.3,4,22,14.395,9.797,1.4693
2024,10581,0,2,8.0,1,20,7.368,5.014,1.4693
2024,14199,11,2,11.8,5,23,14.103,9.599,1.4693
2024,7814,16,1,11.8,2,19,13.804,9.395,1.4693
2024,12483,16,0,5.5,7,25,14.991,10.203,1.4693
2024,13106,7,0,13.2,5,16,12.865,8.756,1.4693
2024,14957,16,1,13.4,4,22,16.772,11.415,1.4693
2024,10843,12,1,18.0,6,22,14.61,9.943,1.4693
2024,18876,12,0,11.9,8,22,16.635,11.322,1.4693
2024,10434,14,0,13.8,3,20,14.906,10.145,1.4693
2024,9054,17,2,17.9,7,24,16.815,11.444,1.4693
2024,13414,12,2,9.4,9,21,13.908,9.465,1.4693
2024,11581,7,0,7.3,7,17,11.346,7.722,1.4693
2024,16503,6,2,12.5,2,20,12.277,8.356,1.4693
2024,7925,9,2,11.2,5,22,11.666,7.94,1.4693
2024,11989,11,1,11.6,2,20,13.074,8.898,1.4693
2024,13945,1,0,10.3,3,21,9.77,6.65,1.4693
2024,10233,13,2,8.6,3,24,12.81,8.718,1.4693
2024,8419,9,1,15.7,7,20,12.723,8.659,1.4693
2024,15520,16,2,11.9,6,22,16.439,11.188,1.4693
2024,9801,12,0,21.0,4,21,15.585,10.607,1.4693
2024,14510,0,1,7.8,6,25,8.66,5.894,1.4693
2024,9590,14,0,20.0,7,22,16.746,11.397,1.4693
2024,11103,0,2,13.2,3,24,9.123,6.209,1.4693
2024,13793,14,2,12.1,7,20,15.272,10.394,1.4693
2024,12785,14,1,7.6,9,27,14.366,9.777,1.4693
2024,9571,13,0,9.3,9,24,14.839,10.099,1.4693
2024,13226,12,1,17.0,8,27,15.387,10.473,1.4693
2024,6469,1,2,1.3,11,23,6.678,4.545,1.4693
2024,8899,7,2,4.8,1,20,8.856,6.027,1.4693
2024,16264,8,1,5.6,6,21,12.161,8.277,1.4693
2024,11476,8,2,16.7,2,23,13.074,8.898,1.4693
2024,13695,6,2,14.7,6,23,12.277,8.356,1.4693
2024,13622,13,0,7.9,5,21,14.27,9.712,1.4693
2024,11040,1,1,10.1,3,22,9.651,6.569,1.4693
2024,12193,11,1,12.5,7,23,13.793,9.388,1.4693
2024,8968,10,2,16.1,6,20,13.151,8.951,1.4693
2024,12225,16,1,7.9,4,21,13.952,9.496,1.4693
2024,10674,1,2,12.5,4,26,9.097,6.191,1.4693
2024,17129,11,2,10.6,1,26,14.09,9.59,1.4693
2024,10147,14,2,11.6,4,20,13.444,9.15,1.4693
2024,13183,7,1,8.4,2,28,11.717,7.975,1.4693
2024,11216,7,2,12.8,9,20,12.018,8.179,1.4693
2024,13934,17,1,8.9,5,23,16.172,11.006,1.4693
2024,8509,13,2,12.4,5,26,13.601,9.257,1.4693
2024,11570,9,0,18.2,6,20,14.499,9.868,1.4693
2024,13381,3,2,16.2,8,19,11.36,7.732,1.4693
2024,12488,15,2,17.6,7,23,17.129,11.658,1.4693
2024,13139,15,2,13.3,11,22,15.952,10.857,1.4693
2024,9827,16,0,16.5,10,21,17.199,11.705,1.4693
2024,11034,8,1,4.8,3,18,10.011,6.813,1.4693
2024,11853,10,0,5.2,8,26,13.681,9.311,1.4693
2024,13850,12,0,8.0,4,23,13.739,9.351,1.4693
2024,15392,0,1,8.3,5,24,8.8,5.989,1.4693
2024,7254,6,2,16.2,6,25,11.56,7.868,1.4693
2024,11101,10,2,6.0,7,17,11.14,7.582,1.4693
2024,10253,2,1,6.6,5,23,8.423,5.733,1.4693
2024,9967,1,2,11.5,6,17,8.852,6.025,1.4693
2024,12567,13,2,12.5,2,24,14.15,9.63,1.4693
2024,11981,9,2,15.5,2,26,13.875,9.443,1.4693
2024,9095,16,2,10.9,3,22,13.824,9.409,1.4693
2024,8973,7,2,11.3,4,22,11.338,7.717,1.4693
2024,13055,14,1,15.5,5,24,15.494,10.545,1.4693
2024,9171,5,2,8.4,3,23,9.545,6.497,1.4693
2024,10163,1,1,12.5,5,21,9.122,6.209,1.4693
2024,14209,14,2,14.3,5,24,15.357,10.452,1.4693
2024,12331,15,2,10.5,5,21,14.54,9.896,1.4693
2024,15769,1,0,15.4,5,23,12.378,8.424,1.4693
2024,11633,13,2,8.6,7,18,13.099,8.915,1.4693
2024,17482,0,1,18.2,8,25,12.506,8.512,1.4693
2024,11441,8,1,10.7,5,19,11.701,7.964,1.4693
2024,14895,16,0,10.2,7,23,17.098,11.637,1.4693
2024,9800,13,2,6.2,7,19,12.296,8.369,1.4693
2024,10275,9,0,7.5,6,21,13.445,9.151,1.4693
2024,16129,12,2,8.8,3,20,13.648,9.289,1.4693
2024,10162,12,2,7.5,3,24,11.86,8.072,1.4693
2024,11357,7,2,7.3,2,26,10.7,7.282,1.4693
2024,10246,6,2,12.2,5,20,11.057,7.526,1.4693
2024,14711,16,1,14.4,3,19,15.971,10.87,1.4693
2024,8877,7,1,13.1,7,25,12.018,8.18,1.4693
2024,15169,3,0,1.0,9,20,9.6,6.534,1.4693
2024,12512,6,1,7.8,11,29,11.823,8.047,1.4693
2024,12366,16,1,16.5,4,19,15.834,10.777,1.4693
2024,11756,4,1,6.6,6,24,10.516,7.157,1.4693
2024,15027,3,2,11.5,2,17,10.332,7.032,1.4693
2024,11352,0,1,7.6,7,19,8.303,5.651,1.4693
2024,10123,9,2,17.2,5,19,13.493,9.183,1.4693
2024,13201,5,1,8.8,8,20,10.494,7.142,1.4693
2024,11686,11,2,14.8,5,24,13.775,9.376,1.4693
2024,16802,16,1,9.1,6,22,15.545,10.58,1.4693
2024,14180,4,2,2.3,9,25,9.518,6.478,1.4693
2024,12767,8,1,13.9,9,24,13.047,8.88,1.4693
2024,15485,8,1,4.3,11,19,12.597,8.574,1.4693
2024,8273,4,1,8.3,6,22,9.297,6.328,1.4693
2024,13303,10,1,19.5,3,26,15.364,10.456,1.4693
2024,12155,11,2,24.0,3,19,15.5,10.549,1.4693
2024,11392,4,1,12.1,7,24,10.871,7.399,1.4693
2024,11198,7,0,8.4,6,20,11.388,7.75,1.4693
2024,14683,16,2,12.1,11,19,15.989,10.882,1.4693
2024,7246,7,1,6.7,4,21,10.267,6.988,1.4693
2024,13081,1,1,10.3,8,19,9.236,6.286,1.4693
2024,8324,17,1,18.4,4,26,16.305,11.097,1.4693
2024,11288,9,1,12.8,4,14,11.94,8.126,1.4693
2024,11774,6,1,6.3,6,24,10.464,7.122,1.4693
2024,15941,8,2,13.6,9,24,14.357,9.771,1.4693
2024,10566,11,1,5.2,6,21,11.959,8.139,1.4693
2024,12036,11,2,4.5,4,16,11.532,7.849,1.4693
2024,8828,4,2,15.1,6,23,10.897,7.417,1.4693
2024,13165,10,2,8.9,8,21,12.606,8.58,1.4693
2024,8572,16,1,18.3,3,20,15.202,10.347,1.4693
2024,7455,14,1,7.8,8,26,13.565,9.232,1.4693
2024,8128,10,1,16.9,4,26,14.151,9.631,1.4693
2024,11190,14,2,18.6,8,20,16.004,10.892,1.4693
2024,11315,15,2,12.6,5,20,14.597,9.935,1.4693
2024,14737,11,1,10.8,2,14,12.552,8.543,1.4693
2024,15705,2,2,9.6,4,17,9.549,6.499,1.4693
2024,15645,7,1,9.8,8,20,12.767,8.689,1.4693
2024,14777,10,2,5.6,7,25,12.579,8.561,1.4693
2024,17089,0,2,14.6,11,23,11.635,7.919,1.4693
2024,13038,3,2,14.4,6,25,11.337,7.716,1.4693
2024,13075,5,2,11.1,2,24,10.74,7.31,1.4693
2024,16468,9,1,12.1,4,22,13.225,9.001,1.4693
2024,9114,14,0,10.2,2,22,13.866,9.437,1.4693
2024,14250,7,1,7.1,5,24,11.883,8.087,1.4693
2024,11782,13,2,6.8,5,21,12.664,8.619,1.4693
2024,15233,1,2,9.7,5,23,10.209,6.948,1.4693
2024,14854,5,1,10.4,9,23,11.765,8.007,1.4693
2024,11489,2,0,16.6,8,23,11.841,8.059,1.4693
2024,8888,1,1,14.7,3,20,9.141,6.221,1.4693
2024,15274,13,1,18.2,3,26,16.177,11.01,1.4693
2024,10717,17,0,14.8,8,26,17.263,11.749,1.4693
2024,12203,14,2,5.7,8,18,12.934,8.803,1.4693
2024,9103,3,1,6.1,8,16,8.431,5.738,1.4693
2024,10998,15,2,7.8,3,21,13.064,8.891,1.4693
2024,14441,11,0,10.6,1,20,13.752,9.36,1.4693
2024,12863,16,2,8.9,5,17,14.278,9.717,1.4693
2024,10022,0,2,14.8,5,21,9.275,6.312,1.4693
2024,7203,8,1,16.7,4,26,12.014,8.177,1.4693
2024,13620,11,2,7.2,8,23,12.886,8.77,1.4693
2024,10862,4,0,5.4,11,24,10.306,7.014,1.4693
2024,12337,16,2,18.6,3,26,17.367,11.82,1.4693
2024,11558,2,2,12.9,7,24,10.033,6.828,1.4693
2024,10837,5,2,9.9,9,22,10.701,7.283,1.4693
2024,13450,2,0,18.3,2,26,12.426,8.457,1.4693
2024,9729,5,0,17.0,7,20,12.505,8.511,1.4693
2024,12274,12,1,9.6,9,17,13.542,9.217,1.4693
2024,12937,14,0,15.5,6,26,16.729,11.385,1.4693
2024,15269,6,2,16.6,5,27,13.597,9.254,1.4693
2024,12030,12,1,15.4,8,21,15.069,10.256,1.4693
2024,8920,1,1,17.1,6,20,9.77,6.649,1.4693
2024,13587,2,0,8.2,2,24,10.294,7.006,1.4693
2024,9680,2,2,12.1,8,19,9.611,6.541,1.4693
2024,10225,5,2,18.6,3,21,11.825,8.048,1.4693
2024,10650,12,0,10.4,4,23,14.061,9.57,1.4693
2024,11438,13,1,9.4,4,20,13.053,8.884,1.4693
2024,15132,5,1,12.4,6,25,11.966,8.144,1.4693
2024,13530,8,1,5.7,2,23,11.307,7.696,1.4693
2024,9150,9,2,13.3,2,22,11.716,7.974,1.4693
2024,15682,15,2,5.3,8,25,15.191,10.339,1.4693
2024,14553,14,2,17.1,6,22,15.936,10.846,1.4693
2024,12941,11,2,5.5,7,20,12.068,8.214,1.4693
2024,6106,12,2,15.4,6,26,13.83,9.413,1.4693
2024,9790,17,2,9.1,7,22,14.521,9.883,1.4693
2024,11923,1,2,7.8,7,12,8.624,5.869,1.4693
2024,16039,13,2,12.1,4,23,15.028,10.228,1.4693
2024,15214,16,0,13.2,5,16,17.694,12.043,1.4693
2024,9486,0,2,12.4,4,28,8.615,5.863,1.4693
2024,7699,10,1,13.4,4,23,12.3,8.371,1.4693
2024,11444,13,2,14.8,7,23,15.068,10.255,1.4693
2024,12251,11,1,4.0,4,24,11.423,7.774,1.4693
2024,8797,13,0,12.5,5,17,14.446,9.832,1.4693
2024,9723,16,1,6.5,4,23,14.091,9.59,1.4693
2024,17190,11,2,6.9,11,19,13.539,9.215,1.4693
2024,10965,5,2,7.6,5,21,9.529,6.485,1.4693
2024,11148,8,2,4.1,3,23,9.887,6.729,1.4693
2024,18966,11,0,12.0,3,20,16.01,10.896,1.4693
2024,11053,16,0,4.9,4,16,13.656,9.294,1.4693
2024,9372,15,1,13.6,4,23,14.483,9.857,1.4693
2024,10127,1,2,18.1,9,24,10.776,7.334,1.4693
2024,12629,17,2,18.3,2,19,17.458,11.882,1.4693
2024,10713,15,2,7.6,2,20,12.864,8.755,1.4693
2024,11575,9,2,7.3,5,21,11.311,7.698,1.4693
2024,11793,3,2,15.1,4,28,11.959,8.139,1.4693
2024,19770,6,1,12.2,5,27,13.043,8.877,1.4693
2024,13682,15,0,11.7,7,25,16.149,10.991,1.4693
2024,9522,4,2,6.8,4,28,8.912,6.065,1.4693
2024,11464,4,0,12.5,5,25,11.508,7.833,1.4693
2024,13908,6,2,15.5,7,23,13.172,8.965,1.4693
2024,14607,16,2,8.9,2,19,14.334,9.755,1.4693
2024,7889,0,0,13.9,2,17,9.341,6.358,1.4693
2024,8357,2,0,12.6,4,21,9.673,6.583,1.4693
2024,13075,15,1,9.4,5,23,15.118,10.289,1.4693
2024,10306,1,2,11.8,7,29,9.997,6.804,1.4693
2024,9954,0,0,7.8,1,21,7.908,5.382,1.4693
2024,12368,6,1,15.4,4,22,12.303,8.373,1.4693
2024,13877,9,2,7.9,3,23,11.622,7.91,1.4693
2024,11303,2,0,9.6,9,23,10.902,7.42,1.4693
2024,7042,17,0,15.6,7,27,16.678,11.351,1.4693
2024,10579,2,1,9.9,8,26,9.858,6.71,1.4693
2024,8999,6,1,8.3,6,22,9.822,6.685,1.4693
2024,13304,14,2,12.7,7,20,15.027,10.227,1.4693
2024,17026,0,2,19.2,3,20,11.399,7.758,1.4693
2024,12620,4,0,16.7,5,22,12.885,8.77,1.4693
2024,13003,6,2,14.4,7,20,11.948,8.132,1.4693
2024,13933,10,1,16.0,4,25,14.712,10.013,1.4693
2024,15270,0,2,14.1,7,20,10.517,7.158,1.4693
2024,10445,1,2,12.9,4,27,9.418,6.41,1.4693
2024,11768,13,1,15.7,4,24,15.103,10.279,1.4693
2024,14271,9,0,13.4,10,18,14.592,9.932,1.4693
2024,9546,2,0,11.8,6,26,10.274,6.992,1.4693
2024,8127,13,2,12.7,8,18,13.274,9.034,1.4693
2024,10737,4,1,13.3,5,27,12.021,8.182,1.4693
2024,15041,16,1,13.2,4,24,15.878,10.807,1.4693
2024,12251,6,1,13.5,5,29,12.75,8.678,1.4693
2024,10734,0,1,8.1,4,14,7.123,4.848,1.4693
2024,14439,10,2,11.2,8,22,13.381,9.107,1.4693
2024,13284,5,2,6.9,11,22,10.805,7.354,1.4693
2024,9958,15,2,13.1,6,20,14.785,10.062,1.4693
2024,11425,13,1,13.4,5,25,14.145,9.627,1.4693
2024,9340,16,1,17.3,9,21,16.134,10.981,1.4693
2024,12258,14,1,13.2,6,26,15.67,10.665,1.4693
2024,13491,13,2,10.5,4,19,13.787,9.383,1.4693
2024,5755,6,1,10.3,7,16,9.939,6.765,1.4693
2024,9350,9,2,14.6,3,20,12.518,8.519,1.4693
2024,16096,6,0,9.3,3,24,12.269,8.35,1.4693
2024,11061,14,2,12.6,7,25,14.831,10.094,1.4693
2024,16047,13,2,15.8,7,19,16.19,11.019,1.4693
2024,8712,14,2,20.1,3,24,15.113,10.286,1.4693
2024,10571,15,1,16.6,4,23,15.296,10.411,1.4693
2024,12444,1,1,9.9,5,23,9.377,6.382,1.4693
2024,11104,1,2,9.0,6,27,8.886,6.048,1.4693
2024,15064,0,2,14.5,7,21,11.134,7.578,1.4693
2024,11604,15,1,11.1,4,19,13.947,9.492,1.4693
2024,13680,3,1,6.1,8,22,9.459,6.438,1.4693
2024,9170,2,2,22.4,4,22,11.232,7.644,1.4693
2024,12561,10,2,12.7,5,25,13.481,9.175,1.4693
2024,11116,16,1,17.0,4,22,15.962,10.864,1.4693
2024,9396,4,1,10.7,8,23,10.408,7.084,1.4693
2024,13066,8,2,11.9,8,21,12.589,8.568,1.4693
2024,15305,0,2,12.6,4,15,9.21,6.268,1.4693
2024,10412,8,1,10.9,6,23,12.422,8.455,1.4693
2024,12957,3,0,9.0,6,26,11.351,7.725,1.4693
2024,11362,15,2,20.8,5,24,16.461,11.204,1.4693
2024,12168,14,1,13.4,4,17,14.216,9.675,1.4693
2024,14000,9,0,5.7,8,21,12.71,8.651,1.4693
2024,15504,4,2,12.4,2,21,10.924,7.435,1.4693
2024,15005,15,1,6.2,4,24,14.206,9.668,1.4693
2024,10026,5,1,8.6,5,22,9.655,6.571,1.4693
2024,8539,15,1,12.4,5,13,13.435,9.144,1.4693
2024,6872,3,2,14.2,1,19,8.956,6.095,1.4693
2024,13483,14,1,1.9,3,21,12.277,8.356,1.4693
2024,10584,2,0,18.9,5,20,11.839,8.058,1.4693
2024,14556,8,1,9.4,5,21,11.945,8.13,1.4693
2024,9313,4,0,11.1,10,21,11.134,7.578,1.4693
2024,13016,15,2,18.1,7,21,16.243,11.055,1.4693
2024,7474,2,2,18.8,6,24,11.622,7.91,1.4693
2024,13162,7,2,9.5,3,25,11.406,7.763,1.4693
2024,12878,13,1,16.3,7,22,15.768,10.732,1.4693
2024,9151,2,0,12.6,1,24,9.911,6.745,1.4693
2024,12381,15,1,22.6,11,23,18.06,12.291,1.4693
2024,17073,6,1,9.3,5,26,12.209,8.309,1.4693
2024,13620,8,1,18.6,6,24,13.931,9.481,1.4693
2024,19288,2,0,9.7,5,28,12.205,8.307,1.4693
2024,12283,7,2,7.7,8,24,11.28,7.677,1.4693
2024,13345,11,2,10.8,10,17,13.814,9.402,1.4693
2024,10710,16,2,5.4,5,26,13.942,9.489,1.4693
2024,12516,13,0,8.3,9,25,14.912,10.149,1.4693
2024,9460,15,2,10.7,8,25,14.355,9.77,1.4693
2024,14164,3,0,11.0,8,18,11.184,7.612,1.4693
2024,9886,2,0,15.7,2,25,10.742,7.311,1.4693
2024,16066,12,1,15.3,8,25,15.574,10.6,1.4693
2024,8535,8,1,11.9,3,18,10.939,7.445,1.4693
2024,11138,12,1,5.1,4,24,13.199,8.983,1.4693
2024,11278,11,0,3.5,4,23,12.443,8.469,1.4693
2024,9105,14,0,9.9,5,22,15.238,10.371,1.4693
2024,12487,2,2,8.7,2,22,8.691,5.915,1.4693
2024,10566,2,1,9.6,5,16,8.39,5.71,1.4693
2024,15411,1,0,18.5,6,22,12.547,8.539,1.4693
2024,9870,5,1,9.6,5,24,11.286,7.681,1.4693
2024,12953,15,0,8.5,3,20,15.384,10.47,1.4693
2024,11685,17,2,12.0,9,22,15.886,10.812,1.4693
2024,11367,8,1,9.9,3,20,11.319,7.704,1.4693
2024,12129,2,1,14.4,2,21,10.599,7.214,1.4693
2024,13671,15,2,13.0,4,16,14.812,10.081,1.4693
2024,7182,3,2,19.4,7,24,11.022,7.501,1.4693
2024,12019,13,1,10.8,4,22,13.427,9.138,1.4693
2024,9836,3,1,19.7,3,20,10.816,7.361,1.4693
2024,10025,17,2,14.8,4,26,15.589,10.61,1.4693
2024,12509,17,2,14.1,3,25,15.772,10.734,1.4693
2024,14650,17,2,4.0,4,22,14.484,9.858,1.4693
2024,15778,2,2,3.4,8,26,9.008,6.131,1.4693
2024,10445,6,2,5.6,6,27,10.253,6.978,1.4693
2024,4778,12,1,12.9,6,19,12.222,8.318,1.4693
2024,12076,6,2,15.0,3,19,11.889,8.092,1.4693
2024,7355,12,2,14.1,8,15,12.911,8.787,1.4693
2024,13003,3,1,12.2,4,20,10.034,6.829,1.4693
2024,9652,15,2,15.6,4,21,15.535,10.573,1.4693
2024,12756,14,2,16.8,2,17,15.136,10.302,1.4693
2024,9767,12,1,10.8,8,19,13.154,8.953,1.4693
2024,8989,9,1,14.2,4,24,12.991,8.842,1.4693
2024,9051,9,0,13.5,2,23,12.951,8.814,1.4693
2024,12893,4,2,15.2,7,20,11.645,7.925,1.4693
2024,8595,3,2,13.3,5,26,10.134,6.897,1.4693
2024,13265,14,1,13.1,8,18,15.592,10.612,1.4693
2024,16343,8,1,9.6,3,24,12.915,8.79,1.4693
2024,16078,15,0,12.8,6,21,16.874,11.485,1.4693
2024,7909,3,0,10.6,7,22,10.939,7.445,1.4693
2024,8532,10,0,7.7,8,23,12.778,8.697,1.4693
2024,13103,16,1,13.2,5,26,16.569,11.277,1.4693
2024,9229,0,0,7.9,5,24,8.498,5.784,1.4693
2024,13447,8,1,11.8,8,25,12.995,8.844,1.4693
2024,7624,11,2,10.5,8,19,12.039,8.194,1.4693
2024,11721,11,2,9.8,10,21,14.097,9.594,1.4693
2024,14260,9,0,17.6,3,19,14.447,9.833,1.4693
2024,8020,8,1,18.6,5,18,12.237,8.329,1.4693
2024,11608,15,2,10.8,5,25,14.815,10.083,1.4693
2024,11574,12,2,16.0,5,16,13.889,9.453,1.4693
2024,13416,2,1,5.7,5,20,8.533,5.808,1.4693
2024,10228,17,1,7.3,7,20,14.687,9.996,1.4693
2024,8330,3,1,11.8,7,21,9.667,6.58,1.4693
2024,5589,12,0,7.7,2,19,11.543,7.856,1.4693
2024,15213,12,1,13.5,4,20,14.459,9.841,1.4693
2024,13987,11,1,13.2,5,28,15.334,10.436,1.4693
2024,11839,0,2,11.8,4,21,8.51,5.792,1.4693
2024,11772,1,1,21.5,10,19,11.837,8.056,1.4693
2024,12963,2,2,13.5,10,23,10.946,7.45,1.4693
2024,14315,12,1,14.3,6,22,14.526,9.887,1.4693
2024,6857,11,1,13.9,3,28,12.672,8.625,1.4693
2024,7450,15,2,8.4,5,21,13.253,9.02,1.4693
2024,7085,13,2,19.8,7,23,15.104,10.28,1.4693
2024,11035,13,0,6.4,7,18,13.595,9.253,1.4693
2024,12355,16,1,13.1,5,20,15.457,10.52,1.4693
2024,14431,4,1,15.0,6,20,11.537,7.852,1.4693
2024,4623,5,1,15.9,6,18,9.975,6.789,1.4693
2024,8556,9,0,10.8,3,22,12.157,8.274,1.4693
2024,12227,8,1,15.0,6,23,12.704,8.646,1.4693
2024,12537,6,0,7.8,4,22,11.194,7.618,1.4693
2024,11401,3,1,18.7,5,17,11.271,7.671,1.4693
2024,9087,6,2,11.3,6,19,10.297,7.008,1.4693
2024,10151,10,1,10.0,3,21,11.868,8.077,1.4693
2024,11558,5,1,9.4,2,18,9.82,6.684,1.4693
2024,7608,15,2,13.2,4,16,13.513,9.197,1.4693
2024,9767,15,2,5.7,10,25,13.776,9.376,1.4693
2024,8448,12,1,15.5,10,27,14.341,9.76,1.4693
2024,13155,11,1,9.6,5,25,13.043,8.877,1.4693
2024,9614,1,2,17.2,1,23,9.676,6.585,1.4693
2024,8632,12,2,7.0,5,20,11.844,8.061,1.4693
2024,10606,0,0,12.5,7,29,10.74,7.309,1.4693
2024,13782,9,2,14.2,4,25,13.35,9.086,1.4693
2024,11843,9,2,14.6,8,20,13.712,9.332,1.4693
2024,14655,10,1,9.9,6,27,13.673,9.306,1.4693
2024,14272,8,1,7.1,5,22,11.304,7.693,1.4693
2024,10025,3,2,10.2,9,26,10.055,6.844,1.4693
2024,12237,16,0,16.7,7,27,17.495,11.907,1.4693
2024,14644,9,1,20.4,7,20,14.752,10.04,1.4693
2024,10693,12,1,5.5,3,22,12.489,8.5,1.4693
2024,12500,1,1,9.0,8,23,9.519,6.479,1.4693
2024,9645,8,0,5.1,7,22,11.383,7.747,1.4693
2024,11336,6,2,9.8,5,19,10.331,7.031,1.4693
2024,11255,9,2,9.4,12,22,12.547,8.539,1.4693
2024,13468,11,1,7.2,5,21,12.246,8.334,1.4693
2024,10941,10,0,18.7,9,21,15.641,10.645,1.4693
2024,12439,3,2,16.6,9,17,12.02,8.181,1.4693
2024,12853,11,1,13.0,3,21,13.5,9.188,1.4693
2024,9927,11,2,11.6,5,28,13.978,9.514,1.4693
2024,10894,7,2,15.6,7,23,12.42,8.453,1.4693
2024,13058,13,2,8.0,6,21,13.664,9.299,1.4693
2024,16496,6,0,13.0,8,24,13.84,9.419,1.4693
2024,8757,2,0,9.6,6,26,9.792,6.664,1.4693
2024,13213,13,1,21.4,2,20,16.153,10.994,1.4693
2024,14935,9,1,6.6,3,27,11.819,8.044,1.4693
2024,12139,11,2,10.9,1,19,12.504,8.51,1.4693
2024,9642,17,2,6.8,4,21,13.522,9.203,1.4693
2024,11769,17,2,15.0,4,21,15.793,10.749,1.4693
2024,9482,12,1,15.0,4,26,13.957,9.499,1.4693
2024,10643,16,2,9.2,3,19,13.777,9.377,1.4693
2024,12863,5,1,7.0,8,25,10.856,7.389,1.4693
2024,11749,15,2,10.5,4,21,14.711,10.012,1.4693
2024,12390,17,0,9.2,6,22,16.27,11.073,1.4693
2024,8977,8,0,12.3,6,26,12.911,8.787,1.4693
2024,10373,12,2,18.5,5,23,14.763,10.048,1.4693
2024,13433,3,2,14.6,8,26,12.177,8.288,1.4693
2024,7713,12,2,15.0,6,25,14.222,9.679,1.4693
2024,8584,2,0,12.0,5,30,11.602,7.896,1.4693
2024,11136,3,2,22.6,8,25,12.76,8.684,1.4693
2024,10606,0,2,12.5,2,22,8.377,5.701,1.4693
2024,13824,0,2,14.9,10,22,11.099,7.554,1.4693
2024,5913,8,1,16.4,4,27,11.962,8.141,1.4693
2024,11694,2,2,11.8,3,23,9.264,6.305,1.4693
2024,15327,2,1,12.8,7,24,12.157,8.274,1.4693
2024,12718,17,0,9.7,5,26,16.048,10.922,1.4693
2024,8066,1,1,12.1,3,21,8.653,5.889,1.4693
2024,17969,10,2,17.9,6,19,15.283,10.402,1.4693
2024,10533,8,0,16.7,3,24,13.54,9.215,1.4693
2024,5815,1,1,14.8,4,21,8.532,5.807,1.4693
2024,13930,3,2,15.6,5,27,12.397,8.437,1.4693
2024,9879,8,1,11.9,2,15,10.708,7.288,1.4693
2024,16578,13,0,15.8,2,21,15.993,10.885,1.4693
2024,13704,15,2,11.4,10,23,15.56,10.59,1.4693
2024,17228,13,0,5.5,2,20,14.306,9.737,1.4693
2024,9267,14,1,19.3,7,27,16.095,10.954,1.4693
2024,15095,17,1,11.2,6,23,16.535,11.254,1.4693
2024,9867,14,1,16.2,4,20,14.417,9.812,1.4693
2024,12759,8,1,10.5,10,23,12.888,8.771,1.4693
2024,12331,15,2,1.2,2,18,11.777,8.015,1.4693
2024,15368,16,2,11.7,11,24,16.74,11.393,1.4693
2024,13925,9,1,4.6,3,26,11.238,7.648,1.4693
2024,10738,4,1,15.0,7,22,10.953,7.454,1.4693
2024,14622,8,1,11.1,7,22,13.093,8.911,1.4693
2024,11670,13,0,16.9,5,19,16.107,10.962,1.4693
2024,13634,9,2,12.9,3,20,12.709,8.649,1.4693
2024,12639,0,1,7.9,10,26,9.176,6.245,1.4693
2024,11367,2,2,14.7,7,22,10.345,7.041,1.4693
2024,8591,15,2,5.8,8,29,13.337,9.077,1.4693
2024,12408,4,2,10.8,8,24,11.109,7.561,1.4693
2024,10212,12,0,4.5,4,19,12.093,8.23,1.4693
2024,8825,4,1,13.4,6,29,10.932,7.44,1.4693
2024,13976,10,0,13.0,6,18,14.407,9.805,1.4693
2024,10323,16,2,12.5,4,21,14.516,9.88,1.4693
2024,7387,2,1,8.3,8,23,8.614,5.862,1.4693
2024,11906,5,0,17.4,5,23,13.583,9.245,1.4693
2024,11520,15,2,15.6,6,21,15.329,10.433,1.4693
2024,11746,1,1,12.9,3,22,9.114,6.203,1.4693
2024,11743,4,0,9.7,5,26,10.957,7.457,1.4693
2024,9385,10,1,10.6,5,26,12.341,8.399,1.4693
2024,10902,17,1,11.9,7,28,15.631,10.639,1.4693
2024,14498,2,2,7.6,6,20,9.316,6.34,1.4693
2024,14037,11,1,15.4,3,23,14.161,9.638,1.4693
2024,11016,12,1,17.0,12,24,15.487,10.54,1.4693
2024,13363,8,2,18.8,6,17,14.156,9.635,1.4693
2024,12133,8,1,10.6,2,21,12.106,8.239,1.4693
2024,11076,6,1,17.5,6,24,12.796,8.709,1.4693
2024,15017,0,0,17.8,6,22,12.062,8.209,1.4693
2024,9663,0,2,9.5,5,20,7.788,5.3,1.4693
2024,12666,2,2,8.0,4,23,9.201,6.262,1.4693
2024,7741,6,1,16.3,4,26,12.087,8.226,1.4693
2024,12801,11,1,9.8,7,23,13.196,8.981,1.4693
2024,10250,15,2,9.1,7,16,14.11,9.603,1.4693
2024,10946,12,1,15.3,6,26,14.76,10.046,1.4693
2024,11172,17,1,6.5,6,18,14.418,9.813,1.4693
2024,6354,16,2,10.2,7,19,13.951,9.495,1.4693
2024,7865,8,2,4.5,3,23,10.492,7.141,1.4693
2024,13975,13,2,8.6,1,23,13.242,9.012,1.4693
2024,12161,4,2,9.4,7,20,10.813,7.359,1.4693
2024,15546,10,2,9.0,7,24,13.807,9.397,1.4693
2024,8480,5,2,10.3,7,22,9.845,6.7,1.4693
2024,14028,5,0,3.8,6,18,10.128,6.893,1.4693
2024,13052,7,0,8.0,6,19,11.916,8.11,1.4693
2024,14811,0,2,17.4,10,21,11.923,8.115,1.4693
2024,11631,8,0,13.2,5,22,13.341,9.08,1.4693
2024,12187,9,2,10.0,5,21,12.212,8.311,1.4693
2024,9706,16,2,9.4,4,17,13.831,9.413,1.4693
2024,11224,2,1,15.1,6,20,11.281,7.677,1.4693
2024,10672,12,1,12.3,6,24,14.627,9.955,1.4693
2024,8586,7,0,7.5,5,22,10.976,7.47,1.4693
2024,12240,13,0,9.9,5,25,14.386,9.791,1.4693
2024,14255,7,2,7.1,4,25,11.058,7.526,1.4693
2024,14850,12,0,9.2,2,17,13.862,9.434,1.4693
2024,9873,5,2,14.7,4,20,11.546,7.858,1.4693
2024,11809,3,1,14.3,5,24,11.259,7.663,1.4693
2024,11563,5,2,16.1,7,24,12.335,8.395,1.4693
2024,15586,1,0,12.6,6,24,11.828,8.05,1.4693
2024,16366,9,1,6.0,5,25,12.712,8.652,1.4693
2024,8638,10,1,7.0,10,26,11.716,7.974,1.4693
2024,13116,10,0,13.9,3,17,13.747,9.356,1.4693
2024,13228,2,2,12.4,5,21,10.039,6.832,1.4693
2024,11399,10,2,7.4,6,24,12.621,8.59,1.4693
2024,8743,7,0,10.6,3,25,11.475,7.81,1.4693
2024,13664,16,1,19.6,7,27,17.818,12.127,1.4693
2024,14941,0,2,15.7,3,27,10.318,7.023,1.4693
2024,10533,15,2,18.0,5,26,15.944,10.852,1.4693
2024,14891,6,0,7.3,6,21,11.585,7.885,1.4693
2024,11910,7,0,18.7,4,25,14.294,9.728,1.4693
2024,15455,12,0,9.9,4,28,14.771,10.053,1.4693
2024,15450,4,0,18.3,5,27,13.863,9.435,1.4693
2024,11841,17,0,13.4,6,23,16.921,11.516,1.4693
2024,12943,11,1,14.5,3,27,14.039,9.555,1.4693
2024,10144,15,1,14.8,5,23,15.781,10.741,1.4693
2024,7841,2,1,12.4,2,23,8.925,6.074,1.4693
2024,12527,11,0,14.3,2,22,14.421,9.815,1.4693
2024,8234,17,1,7.9,7,18,14.374,9.783,1.4693
2024,17133,7,0,11.5,1,25,13.16,8.957,1.4693
2024,14746,12,1,15.1,5,22,15.364,10.457,1.4693
2024,11521,7,1,12.4,10,23,12.145,8.266,1.4693
2024,18568,9,0,10.6,7,24,14.567,9.914,1.4693
2024,10324,13,2,12.9,4,20,13.723,9.34,1.4693
2024,10919,14,0,6.5,3,25,14.418,9.813,1.4693
2024,10889,14,2,16.2,7,22,15.673,10.667,1.4693
2024,11740,5,1,3.7,6,22,9.193,6.257,1.4693
2024,11125,13,1,11.9,7,13,13.314,9.061,1.4693
2024,13041,5,2,15.0,10,23,13.51,9.195,1.4693
2024,9403,0,0,12.3,5,19,9.448,6.43,1.4693
2024,12220,9,0,10.1,10,21,13.367,9.098,1.4693
2024,10544,10,1,16.4,3,20,13.594,9.252,1.4693
2024,12057,2,1,9.2,8,20,9.277,6.314,1.4693
2024,9193,5,1,18.7,2,22,11.564,7.87,1.4693
2024,9739,8,2,11.2,7,24,11.723,7.979,1.4693
2024,17213,8,0,11.0,3,27,13.644,9.286,1.4693
2024,9597,3,2,14.9,6,23,10.879,7.404,1.4693
2024,13209,2,0,10.8,7,21,10.752,7.318,1.4693
2024,10558,10,1,12.4,12,21,14.694,10.001,1.4693
2024,9357,16,2,14.3,6,25,15.515,10.56,1.4693
2024,12060,7,0,7.1,6,23,12.184,8.293,1.4693
2024,9728,5,2,14.5,8,18,11.683,7.952,1.4693
2024,13195,4,0,5.2,6,20,10.282,6.998,1.4693
2024,11588,7,0,11.9,7,22,13.261,9.025,1.4693
2024,15240,7,1,10.6,5,22,12.029,8.187,1.4693
2024,8636,2,1,6.8,3,20,7.827,5.327,1.4693
2024,12590,15,1,18.8,9,21,16.631,11.319,1.4693
2024,12826,9,0,12.7,5,23,14.483,9.857,1.4693
2024,9409,2,0,9.4,5,23,9.647,6.566,1.4693
2024,10240,8,0,12.6,8,22,13.348,9.085,1.4693
2024,8341,7,1,21.9,11,25,14.556,9.907,1.4693
2024,8000,7,2,8.0,5,23,10.846,7.382,1.4693
2024,11604,7,1,14.6,5,19,12.335,8.395,1.4693
2024,13917,6,2,8.3,5,21,10.665,7.259,1.4693
2024,11571,13,0,13.9,4,22,15.157,10.316,1.4693
2024,11675,16,0,9.4,5,22,15.958,10.861,1.4693
2024,8654,11,1,11.3,6,20,13.071,8.896,1.4693
2024,6646,4,2,12.6,8,20,9.946,6.769,1.4693
2024,12755,1,2,17.3,10,25,11.646,7.926,1.4693
2024,10248,14,1,6.1,2,19,11.97,8.147,1.4693
2024,7398,10,1,18.8,12,21,14.655,9.974,1.4693
2024,10540,14,0,4.3,5,26,13.261,9.025,1.4693
2024,12523,12,2,13.3,7,22,14.763,10.048,1.4693
2024,12906,11,1,12.2,1,29,13.655,9.293,1.4693
2024,12397,14,2,11.5,4,27,14.425,9.818,1.4693
2024,10161,11,2,12.1,4,16,12.52,8.521,1.4693
2024,13386,17,2,14.1,5,19,15.883,10.81,1.4693
2024,11849,3,1,13.8,7,22,11.097,7.553,1.4693
2024,9709,10,2,11.3,3,21,11.992,8.162,1.4693
2024,9107,14,1,14.8,6,24,14.645,9.967,1.4693
2024,12391,4,1,11.1,6,24,10.907,7.423,1.4693
2024,14072,4,0,12.4,6,18,12.576,8.559,1.4693
2024,13384,9,2,16.6,4,26,13.971,9.509,1.4693
2024,12308,9,1,16.7,2,28,14.524,9.885,1.4693
2024,13483,5,2,16.2,9,18,12.966,8.824,1.4693
2024,17829,5,2,7.9,7,21,11.185,7.612,1.4693
2024,12620,5,2,13.7,7,21,11.973,8.149,1.4693
2024,12294,6,0,13.8,5,26,12.643,8.605,1.4693
2024,13262,17,2,19.1,4,27,17.929,12.203,1.4693
2024,13776,3,0,15.2,4,21,11.874,8.082,1.4693
2024,8560,13,2,9.5,9,21,13.554,9.225,1.4693
2024,12343,10,1,10.5,3,25,12.546,8.539,1.4693
2024,14410,6,2,1.8,9,21,9.909,6.744,1.4693
2024,16264,17,1,11.7,4,23,16.246,11.057,1.4693
2024,11950,1,2,10.5,9,25,9.487,6.457,1.4693
2024,10764,1,1,9.9,4,24,8.662,5.895,1.4693
2024,12312,6,2,8.9,3,23,10.317,7.021,1.4693
2024,10290,10,1,18.1,6,18,13.689,9.317,1.4693
2024,15823,17,2,1.2,6,24,13.962,9.503,1.4693
2024,13102,6,0,6.9,4,25,11.227,7.641,1.4693
2024,11769,4,2,21.5,7,24,12.809,8.718,1.4693
2024,14684,1,1,15.9,6,18,10.866,7.396,1.4693
2024,9016,13,1,13.2,9,24,14.605,9.94,1.4693
2024,6720,6,2,12.0,9,20,10.469,7.125,1.4693
2024,12954,9,2,9.7,5,15,11.842,8.059,1.4693
2024,14585,17,2,6.9,7,22,15.276,10.397,1.4693
2024,11544,7,2,13.5,2,19,11.185,7.613,1.4693
2024,10202,15,0,15.2,4,22,15.979,10.875,1.4693
2024,9508,13,1,9.2,12,18,13.909,9.466,1.4693
2024,8814,8,1,4.7,7,21,10.282,6.998,1.4693
2024,13563,5,1,14.7,7,17,12.043,8.197,1.4693
2024,13945,6,1,15.1,5,20,12.05,8.201,1.4693
2024,14195,8,2,15.3,10,23,14.239,9.691,1.4693
2024,11918,6,1,11.4,4,27,11.803,8.033,1.4693
2024,9010,8,1,3.4,5,21,9.969,6.785,1.4693
2024,10113,6,1,7.1,6,22,9.821,6.684,1.4693
2024,13397,11,0,17.1,4,24,15.467,10.527,1.4693
2024,9307,16,1,6.6,7,23,13.574,9.238,1.4693
2024,11645,11,0,14.8,3,23,14.621,9.951,1.4693
2024,9356,4,2,7.9,4,24,8.97,6.105,1.4693
2024,10158,17,1,7.5,4,21,14.147,9.628,1.4693
2024,9020,4,2,19.3,7,20,11.918,8.111,1.4693
2024,11941,4,1,19.5,9,23,12.571,8.556,1.4693
2024,8242,6,1,12.7,4,15,9.955,6.775,1.4693
2024,9999,2,0,10.1,5,16,9.364,6.373,1.4693
2024,14028,0,2,16.1,5,26,10.512,7.155,1.4693
2024,14522,5,2,5.7,3,25,10.44,7.106,1.4693
2024,13577,6,0,16.8,6,20,13.468,9.166,1.4693
2024,15439,7,0,20.1,9,18,15.166,10.322,1.4693
2024,8601,13,1,14.3,8,24,14.553,9.905,1.4693
2024,11672,14,1,7.3,12,24,14.642,9.965,1.4693
2024,12089,6,2,18.1,2,19,12.952,8.815,1.4693
2024,16780,6,1,13.3,3,22,12.947,8.812,1.4693
2024,11306,0,0,11.4,4,17,9.585,6.524,1.4693
2024,13903,8,2,8.1,7,21,12.385,8.429,1.4693
2024,16134,6,1,7.4,6,21,10.978,7.471,1.4693
2024,12226,6,2,16.6,8,22,12.78,8.698,1.4693
2024,10727,17,2,11.7,1,29,15.65,10.651,1.4693
2024,10944,13,0,11.7,3,18,14.248,9.697,1.4693
2024,7621,14,0,12.5,8,27,14.991,10.202,1.4693
2024,10752,17,0,4.2,4,20,14.195,9.661,1.4693
2024,8347,9,2,11.9,6,20,11.567,7.872,1.4693
2024,13856,2,2,12.0,5,25,10.44,7.105,1.4693
2024,7995,10,0,18.0,5,20,13.941,9.488,1.4693
2024,12881,0,2,15.3,6,19,9.964,6.781,1.4693
2024,14744,1,2,7.1,6,24,9.975,6.789,1.4693
2024,13722,15,0,10.4,2,23,15.254,10.382,1.4693
2024,10692,2,1,16.2,5,20,10.129,6.894,1.4693
2024,13810,16,2,6.8,9,27,15.374,10.464,1.4693
2024,11924,2,0,18.8,3,20,11.572,7.876,1.4693
2024,10757,10,2,11.8,2,17,12.204,8.306,1.4693
2024,10991,3,2,14.1,8,18,10.322,7.025,1.4693
2024,13007,6,0,10.2,3,18,11.651,7.929,1.4693
2024,8008,15,2,10.2,10,21,14.273,9.714,1.4693
2024,10640,16,0,8.3,4,26,14.886,10.131,1.4693
2024,12837,10,2,18.1,3,17,13.663,9.299,1.4693
2024,10618,3,1,14.4,4,27,10.545,7.177,1.4693
2024,8670,2,2,8.1,9,20,8.977,6.11,1.4693
2024,9672,15,2,14.8,6,20,14.751,10.039,1.4693
2024,12330,1,1,15.8,7,20,10.351,7.045,1.4693
2024,13107,4,1,16.3,2,20,11.359,7.731,1.4693
2024,14611,17,1,13.1,3,21,15.817,10.765,1.4693
2024,13852,2,1,12.7,9,22,11.007,7.491,1.4693
2024,13823,1,1,8.3,3,23,9.045,6.156,1.4693
2024,7096,1,2,17.3,6,16,9.28,6.316,1.4693
